"Profile","Id","Path","Slice Name","Alias(s)","Label","Min","Max","Must Support?","Is Modifier?","Is Summary?","Type(s)","Short","Definition","Comments","Requirements","Default Value","Meaning When Missing","Fixed Value","Pattern","Example","Minimum Value","Maximum Value","Maximum Length","Binding Strength","Binding Description","Binding Value Set","Code","Slicing Discriminator","Slicing Description","Slicing Ordered","Slicing Rules","Base Path","Base Min","Base Max","Condition(s)","Constraint(s)"
"patId","string","string","","","",0,*,"","","","null {[]} {[]}
","Primitive Type string","A sequence of Unicode characters","Note that FHIR strings SHALL NOT exceed 1MB in size","","","","","","","","",,,,,"",,,,"string",0,*,"","ele-1:All FHIR elements must have a @value or children {hasValue() or (children().count() > id.count())}
"
"patId","string.id","string.id","","","",0,1,"","","","string {[]} {[]}
","xml:id (or equivalent in JSON)","unique id for the element within a resource (for internal references)","","","","","","","","","",,,,,"",,,,"Element.id",0,1,"",""
"patId","string.extension","string.extension","","extensions
user content","",0,*,"","","","Extension {[]} {[]}
","Additional content defined by implementations","May be used to represent additional information that is not part of the basic definition of the resource. To make the use of extensions safe and manageable, there is a strict set of governance  applied to the definition and use of extensions. Though any implementer can define an extension, there is a set of requirements that SHALL be met as part of the definition of the extension.","There can be no stigma associated with the use of extensions by any application, project, or standard - regardless of the institution or jurisdiction that uses or defines the extensions.  The use of extensions is what allows the FHIR specification to retain a core level of simplicity for everyone.","","","","","","","","",,,,,"",,,,"Element.extension",0,*,"","ele-1:All FHIR elements must have a @value or children {hasValue() or (children().count() > id.count())}
ext-1:Must have either extensions or value[x], not both {extension.exists() != value.exists()}"
"patId","string.value","string.value","","","",0,1,"","","","string {[]} {[]}
","Primitive value for string","The actual value","","","","","","","","","",1048576,,,,"",,,,"string.value",0,1,"",""
"pdlgcArchivePatient","pdlgcArchivePatient","pdlgcArchivePatient","","","",0,*,"","","","null {[]} {[]}
","Archive stockant les données médicales liées à un patient, ou NNNNN est incrémenté à partir de 00001. Chaque patient est représenté par une archive distincte conforme au profil IHE_XDM.","Archive stockant les données médicales liées à un patient, ou NNNNN est incrémenté à partir de 00001. Chaque patient est représenté par une archive distincte conforme au profil IHE_XDM.","Transaction ExportArchivePortabilite","","","","","","","","",,,,,"",,,,"Base",0,*,"",""
"pdlgcArchivePatient","pdlgcArchivePatient.readme","pdlgcArchivePatient.readme","","","",1,1,"","","","https://interop.esante.gouv.fr/ig/fhir/pdlgc/StructureDefinition/pdlgcReadme {[]} {[]}
","Informations éditoriales et instructions d'exploitation de l'archive.","Informations éditoriales et instructions d'exploitation de l'archive.","","","","","","","","","",,,,,"",,,,"pdlgcArchivePatient.readme",1,1,"",""
"pdlgcArchivePatient","pdlgcArchivePatient.index","pdlgcArchivePatient.index","","","",1,1,"","","","https://interop.esante.gouv.fr/ig/fhir/pdlgc/StructureDefinition/pdlgcIndex {[]} {[]}
","Informations éditoriales.","Informations éditoriales.","","","","","","","","","",,,,,"",,,,"pdlgcArchivePatient.index",1,1,"",""
"pdlgcArchivePatient","pdlgcArchivePatient.pdf","pdlgcArchivePatient.pdf","","","",1,1,"","","","BackboneElement {[]} {[]}
","Répertoire contenant une copie PDF/A-1 de tous les documents transportés dans le répertoire IHE_XDM.","Répertoire contenant une copie PDF/A-1 de tous les documents transportés dans le répertoire IHE_XDM.","","","","","","","","","",,,,,"",,,,"pdlgcArchivePatient.pdf",1,1,"","ele-1:All FHIR elements must have a @value or children {hasValue() or (children().count() > id.count())}
"
"pdlgcArchivePatient","pdlgcArchivePatient.pdf.id","pdlgcArchivePatient.pdf.id","","","",0,1,"","","","string {[]} {[]}
","Unique id for inter-element referencing","Unique id for the element within a resource (for internal references). This may be any string value that does not contain spaces.","","","","","","","","","",,,,,"",,,,"Element.id",0,1,"",""
"pdlgcArchivePatient","pdlgcArchivePatient.pdf.extension","pdlgcArchivePatient.pdf.extension","","extensions
user content","",0,*,"","","","Extension {[]} {[]}
","Additional content defined by implementations","May be used to represent additional information that is not part of the basic definition of the element. To make the use of extensions safe and manageable, there is a strict set of governance  applied to the definition and use of extensions. Though any implementer can define an extension, there is a set of requirements that SHALL be met as part of the definition of the extension.","There can be no stigma associated with the use of extensions by any application, project, or standard - regardless of the institution or jurisdiction that uses or defines the extensions.  The use of extensions is what allows the FHIR specification to retain a core level of simplicity for everyone.","","","","","","","","",,,,,"","value:url}
","Extensions are always sliced by (at least) url",,"open","Element.extension",0,*,"","ele-1:All FHIR elements must have a @value or children {hasValue() or (children().count() > id.count())}
ext-1:Must have either extensions or value[x], not both {extension.exists() != value.exists()}"
"pdlgcArchivePatient","pdlgcArchivePatient.pdf.modifierExtension","pdlgcArchivePatient.pdf.modifierExtension","","extensions
user contentmodifiers","",0,*,"","Y","Y","Extension {[]} {[]}
","Extensions that cannot be ignored even if unrecognized","May be used to represent additional information that is not part of the basic definition of the element and that modifies the understanding of the element in which it is contained and/or the understanding of the containing element's descendants. Usually modifier elements provide negation or qualification. To make the use of extensions safe and manageable, there is a strict set of governance applied to the definition and use of extensions. Though any implementer can define an extension, there is a set of requirements that SHALL be met as part of the definition of the extension. Applications processing a resource are required to check for modifier extensions.

Modifier extensions SHALL NOT change the meaning of any elements on Resource or DomainResource (including cannot change the meaning of modifierExtension itself).","There can be no stigma associated with the use of extensions by any application, project, or standard - regardless of the institution or jurisdiction that uses or defines the extensions.  The use of extensions is what allows the FHIR specification to retain a core level of simplicity for everyone.","Modifier extensions allow for extensions that *cannot* be safely ignored to be clearly distinguished from the vast majority of extensions which can be safely ignored.  This promotes interoperability by eliminating the need for implementers to prohibit the presence of extensions. For further information, see the [definition of modifier extensions](http://hl7.org/fhir/R4/extensibility.html#modifierExtension).","","","","","","","",,,,,"",,,,"BackboneElement.modifierExtension",0,*,"","ele-1:All FHIR elements must have a @value or children {hasValue() or (children().count() > id.count())}
ext-1:Must have either extensions or value[x], not both {extension.exists() != value.exists()}"
"pdlgcArchivePatient","pdlgcArchivePatient.pdf.documentPDF","pdlgcArchivePatient.pdf.documentPDF","","","",1,*,"","","","https://interop.esante.gouv.fr/ig/mos/StructureDefinition/Document {[]} {[]}
","Document PDF destiné à la consultation. Ces documents ne sont pas intégrés par le destinataire si le destinataire est une système.","Document PDF destiné à la consultation. Ces documents ne sont pas intégrés par le destinataire si le destinataire est une système.","","","","","","","","","",,,,,"",,,,"pdlgcArchivePatient.pdf.documentPDF",1,*,"",""
"pdlgcArchivePatient","pdlgcArchivePatient.iheXDM","pdlgcArchivePatient.iheXDM","","","",1,1,"","","","BackboneElement {[]} {[]}
","répertoire IHE_XDM contenant le lot de soumissions des données d'un patient. Nom du répertoire fixé à IHE_XDM.","répertoire IHE_XDM contenant le lot de soumissions des données d'un patient. Nom du répertoire fixé à IHE_XDM.","","","","","","","","","",,,,,"",,,,"pdlgcArchivePatient.iheXDM",1,1,"","ele-1:All FHIR elements must have a @value or children {hasValue() or (children().count() > id.count())}
"
"pdlgcArchivePatient","pdlgcArchivePatient.iheXDM.id","pdlgcArchivePatient.iheXDM.id","","","",0,1,"","","","string {[]} {[]}
","Unique id for inter-element referencing","Unique id for the element within a resource (for internal references). This may be any string value that does not contain spaces.","","","","","","","","","",,,,,"",,,,"Element.id",0,1,"",""
"pdlgcArchivePatient","pdlgcArchivePatient.iheXDM.extension","pdlgcArchivePatient.iheXDM.extension","","extensions
user content","",0,*,"","","","Extension {[]} {[]}
","Additional content defined by implementations","May be used to represent additional information that is not part of the basic definition of the element. To make the use of extensions safe and manageable, there is a strict set of governance  applied to the definition and use of extensions. Though any implementer can define an extension, there is a set of requirements that SHALL be met as part of the definition of the extension.","There can be no stigma associated with the use of extensions by any application, project, or standard - regardless of the institution or jurisdiction that uses or defines the extensions.  The use of extensions is what allows the FHIR specification to retain a core level of simplicity for everyone.","","","","","","","","",,,,,"","value:url}
","Extensions are always sliced by (at least) url",,"open","Element.extension",0,*,"","ele-1:All FHIR elements must have a @value or children {hasValue() or (children().count() > id.count())}
ext-1:Must have either extensions or value[x], not both {extension.exists() != value.exists()}"
"pdlgcArchivePatient","pdlgcArchivePatient.iheXDM.modifierExtension","pdlgcArchivePatient.iheXDM.modifierExtension","","extensions
user contentmodifiers","",0,*,"","Y","Y","Extension {[]} {[]}
","Extensions that cannot be ignored even if unrecognized","May be used to represent additional information that is not part of the basic definition of the element and that modifies the understanding of the element in which it is contained and/or the understanding of the containing element's descendants. Usually modifier elements provide negation or qualification. To make the use of extensions safe and manageable, there is a strict set of governance applied to the definition and use of extensions. Though any implementer can define an extension, there is a set of requirements that SHALL be met as part of the definition of the extension. Applications processing a resource are required to check for modifier extensions.

Modifier extensions SHALL NOT change the meaning of any elements on Resource or DomainResource (including cannot change the meaning of modifierExtension itself).","There can be no stigma associated with the use of extensions by any application, project, or standard - regardless of the institution or jurisdiction that uses or defines the extensions.  The use of extensions is what allows the FHIR specification to retain a core level of simplicity for everyone.","Modifier extensions allow for extensions that *cannot* be safely ignored to be clearly distinguished from the vast majority of extensions which can be safely ignored.  This promotes interoperability by eliminating the need for implementers to prohibit the presence of extensions. For further information, see the [definition of modifier extensions](http://hl7.org/fhir/R4/extensibility.html#modifierExtension).","","","","","","","",,,,,"",,,,"BackboneElement.modifierExtension",0,*,"","ele-1:All FHIR elements must have a @value or children {hasValue() or (children().count() > id.count())}
ext-1:Must have either extensions or value[x], not both {extension.exists() != value.exists()}"
"pdlgcArchivePatient","pdlgcArchivePatient.iheXDM.subset01","pdlgcArchivePatient.iheXDM.subset01","","","",1,1,"","","","BackboneElement {[]} {[]}
","lot de soumission contenant les données d'un patient.","lot de soumission contenant les données d'un patient.","","","","","","","","","",,,,,"",,,,"pdlgcArchivePatient.iheXDM.subset01",1,1,"","ele-1:All FHIR elements must have a @value or children {hasValue() or (children().count() > id.count())}
"
"pdlgcArchivePatient","pdlgcArchivePatient.iheXDM.subset01.id","pdlgcArchivePatient.iheXDM.subset01.id","","","",0,1,"","","","string {[]} {[]}
","Unique id for inter-element referencing","Unique id for the element within a resource (for internal references). This may be any string value that does not contain spaces.","","","","","","","","","",,,,,"",,,,"Element.id",0,1,"",""
"pdlgcArchivePatient","pdlgcArchivePatient.iheXDM.subset01.extension","pdlgcArchivePatient.iheXDM.subset01.extension","","extensions
user content","",0,*,"","","","Extension {[]} {[]}
","Additional content defined by implementations","May be used to represent additional information that is not part of the basic definition of the element. To make the use of extensions safe and manageable, there is a strict set of governance  applied to the definition and use of extensions. Though any implementer can define an extension, there is a set of requirements that SHALL be met as part of the definition of the extension.","There can be no stigma associated with the use of extensions by any application, project, or standard - regardless of the institution or jurisdiction that uses or defines the extensions.  The use of extensions is what allows the FHIR specification to retain a core level of simplicity for everyone.","","","","","","","","",,,,,"","value:url}
","Extensions are always sliced by (at least) url",,"open","Element.extension",0,*,"","ele-1:All FHIR elements must have a @value or children {hasValue() or (children().count() > id.count())}
ext-1:Must have either extensions or value[x], not both {extension.exists() != value.exists()}"
"pdlgcArchivePatient","pdlgcArchivePatient.iheXDM.subset01.modifierExtension","pdlgcArchivePatient.iheXDM.subset01.modifierExtension","","extensions
user contentmodifiers","",0,*,"","Y","Y","Extension {[]} {[]}
","Extensions that cannot be ignored even if unrecognized","May be used to represent additional information that is not part of the basic definition of the element and that modifies the understanding of the element in which it is contained and/or the understanding of the containing element's descendants. Usually modifier elements provide negation or qualification. To make the use of extensions safe and manageable, there is a strict set of governance applied to the definition and use of extensions. Though any implementer can define an extension, there is a set of requirements that SHALL be met as part of the definition of the extension. Applications processing a resource are required to check for modifier extensions.

Modifier extensions SHALL NOT change the meaning of any elements on Resource or DomainResource (including cannot change the meaning of modifierExtension itself).","There can be no stigma associated with the use of extensions by any application, project, or standard - regardless of the institution or jurisdiction that uses or defines the extensions.  The use of extensions is what allows the FHIR specification to retain a core level of simplicity for everyone.","Modifier extensions allow for extensions that *cannot* be safely ignored to be clearly distinguished from the vast majority of extensions which can be safely ignored.  This promotes interoperability by eliminating the need for implementers to prohibit the presence of extensions. For further information, see the [definition of modifier extensions](http://hl7.org/fhir/R4/extensibility.html#modifierExtension).","","","","","","","",,,,,"",,,,"BackboneElement.modifierExtension",0,*,"","ele-1:All FHIR elements must have a @value or children {hasValue() or (children().count() > id.count())}
ext-1:Must have either extensions or value[x], not both {extension.exists() != value.exists()}"
"pdlgcArchivePatient","pdlgcArchivePatient.iheXDM.subset01.metadata","pdlgcArchivePatient.iheXDM.subset01.metadata","","","",1,1,"","","","https://interop.esante.gouv.fr/ig/fhir/pdlgc/StructureDefinition/pdlgcMetadata {[]} {[]}
","métadonnées du lot de soumission, conforme au profil IHE XDM, décrivant les documents patient qu'il accompagne.","métadonnées du lot de soumission, conforme au profil IHE XDM, décrivant les documents patient qu'il accompagne.","","","","","","","","","",,,,,"",,,,"pdlgcArchivePatient.iheXDM.subset01.metadata",1,1,"",""
"pdlgcArchivePatient","pdlgcArchivePatient.iheXDM.subset01.documentPivot","pdlgcArchivePatient.iheXDM.subset01.documentPivot","","","",1,*,"","","","https://interop.esante.gouv.fr/ig/mos/StructureDefinition/Document {[]} {[]}
","Données structurées du périmètres pivot, concernant les informations administratives et médicales du patient. Leur export est obligatoire.","Données structurées du périmètres pivot, concernant les informations administratives et médicales du patient. Leur export est obligatoire.","","","","","","","","","",,,,,"",,,,"pdlgcArchivePatient.iheXDM.subset01.documentPivot",1,*,"",""
"pdlgcArchivePatient","pdlgcArchivePatient.iheXDM.subset01.documentHorsPivot","pdlgcArchivePatient.iheXDM.subset01.documentHorsPivot","","","",0,*,"","","","https://interop.esante.gouv.fr/ig/mos/StructureDefinition/Document {[]} {[]}
","Données structurées hors périmètre pivot. Leur export est facultatif.","Données structurées hors périmètre pivot. Leur export est facultatif.","","","","","","","","","",,,,,"",,,,"pdlgcArchivePatient.iheXDM.subset01.documentHorsPivot",0,*,"",""
"pdlgcArchivePortabilite","pdlgcArchivePortabilite","pdlgcArchivePortabilite","","","",0,*,"","","","null {[]} {[]}
","L'archive de Portabilité est un conteneur structuré, regroupant l'ensemble des documents et données LGC exportées ainsi que les éléments de métadonnées, d'index et de documentation nécessaires à leur exploitation par le destinataire.","L'archive de Portabilité est un conteneur structuré, regroupant l'ensemble des documents et données LGC exportées ainsi que les éléments de métadonnées, d'index et de documentation nécessaires à leur exploitation par le destinataire.","Transaction ExportArchivePortabilite","","","","","","","","",,,,,"",,,,"Base",0,*,"",""
"pdlgcArchivePortabilite","pdlgcArchivePortabilite.readme","pdlgcArchivePortabilite.readme","","","",1,1,"Y","","","https://interop.esante.gouv.fr/ig/fhir/pdlgc/StructureDefinition/pdlgcReadme {[]} {[]}
","Informations éditoriales et instructions d'exploitation de l'archive de portabilité.","Informations éditoriales et instructions d'exploitation de l'archive de portabilité.","","","","","","","","","",,,,,"",,,,"pdlgcArchivePortabilite.readme",1,1,"",""
"pdlgcArchivePortabilite","pdlgcArchivePortabilite.manifest","pdlgcArchivePortabilite.manifest","","","",1,1,"Y","","","https://interop.esante.gouv.fr/ig/fhir/pdlgc/StructureDefinition/pdlgcManifest {[]} {[]}
","Vue synthétique du contenu de l'archive de portabilité, incluant rapport de volumétrie et d'intégrité.","Vue synthétique du contenu de l'archive de portabilité, incluant rapport de volumétrie et d'intégrité.","","","","","","","","","",,,,,"",,,,"pdlgcArchivePortabilite.manifest",1,1,"",""
"pdlgcArchivePortabilite","pdlgcArchivePortabilite.signature","pdlgcArchivePortabilite.signature","","","",1,1,"Y","","","base64Binary {[]} {[]}
","signature XAdES de l'archive attestant de l'imputabilité et l'intégrité des données.","signature XAdES de l'archive attestant de l'imputabilité et l'intégrité des données.","","","","","","","","","",,,,,"",,,,"pdlgcArchivePortabilite.signature",1,1,"",""
"pdlgcArchivePortabilite","pdlgcArchivePortabilite.documentation","pdlgcArchivePortabilite.documentation","","","",1,1,"Y","","","https://interop.esante.gouv.fr/ig/fhir/pdlgc/StructureDefinition/pdlgcDocumentation {[]} {[]}
","répertoire de stockage de la documentation d'export permettant l'interprétation de l'archive par le système destinataire (dictionnaire de données, mapping, schémas techniques, jeu d'échantillons,...).","répertoire de stockage de la documentation d'export permettant l'interprétation de l'archive par le système destinataire (dictionnaire de données, mapping, schémas techniques, jeu d'échantillons,...).","","","","","","","","","",,,,,"",,,,"pdlgcArchivePortabilite.documentation",1,1,"",""
"pdlgcArchivePortabilite","pdlgcArchivePortabilite.archiveTransverse","pdlgcArchivePortabilite.archiveTransverse","","","",1,1,"Y","","","https://interop.esante.gouv.fr/ig/fhir/pdlgc/StructureDefinition/pdlgcArchiveTransverse {[]} {[]}
","Archive de données transverses liées au praticien ou au cabinet (agenda, données de comptabilité, logs d'accès,...).","Archive de données transverses liées au praticien ou au cabinet (agenda, données de comptabilité, logs d'accès,...).","","","","","","","","","",,,,,"",,,,"pdlgcArchivePortabilite.archiveTransverse",1,1,"",""
"pdlgcArchivePortabilite","pdlgcArchivePortabilite.archivePatient","pdlgcArchivePortabilite.archivePatient","","","",1,*,"Y","","","https://interop.esante.gouv.fr/ig/fhir/pdlgc/StructureDefinition/pdlgcArchivePatient {[]} {[]}
","Archive de données médicales liées au patient respectant le nommage `PATNNNNN` ou NNNNN est incrémenté à partir de 00001. Chaque patient est représenté par une archive distincte conforme au profil IHE_XDM.","Archive de données médicales liées au patient respectant le nommage `PATNNNNN` ou NNNNN est incrémenté à partir de 00001. Chaque patient est représenté par une archive distincte conforme au profil IHE_XDM.","","","","","","","","","",,,,,"",,,,"pdlgcArchivePortabilite.archivePatient",1,*,"",""
"pdlgcArchiveTransverse","pdlgcArchiveTransverse","pdlgcArchiveTransverse","","","",0,*,"","","","null {[]} {[]}
","Archive stockant les données transverses associés au praticien et/ou au cabinet.","Archive stockant les données transverses associés au praticien et/ou au cabinet.","Transaction ExportArchivePortabilite.","","","","","","","","",,,,,"",,,,"Base",0,*,"",""
"pdlgcArchiveTransverse","pdlgcArchiveTransverse.readme","pdlgcArchiveTransverse.readme","","","",1,1,"","","","https://interop.esante.gouv.fr/ig/fhir/pdlgc/StructureDefinition/pdlgcReadme {[]} {[]}
","Informations éditoriales et instructions d'exploitation de l'archive.","Informations éditoriales et instructions d'exploitation de l'archive.","","","","","","","","","",,,,,"",,,,"pdlgcArchiveTransverse.readme",1,1,"",""
"pdlgcArchiveTransverse","pdlgcArchiveTransverse.transverse","pdlgcArchiveTransverse.transverse","","","",1,1,"","","","BackboneElement {[]} {[]}
","répertoire contenant les données du praticien et/ou du cabinet.","répertoire contenant les données du praticien et/ou du cabinet.","","","","","","","","","",,,,,"",,,,"pdlgcArchiveTransverse.transverse",1,1,"","ele-1:All FHIR elements must have a @value or children {hasValue() or (children().count() > id.count())}
"
"pdlgcArchiveTransverse","pdlgcArchiveTransverse.transverse.id","pdlgcArchiveTransverse.transverse.id","","","",0,1,"","","","string {[]} {[]}
","Unique id for inter-element referencing","Unique id for the element within a resource (for internal references). This may be any string value that does not contain spaces.","","","","","","","","","",,,,,"",,,,"Element.id",0,1,"",""
"pdlgcArchiveTransverse","pdlgcArchiveTransverse.transverse.extension","pdlgcArchiveTransverse.transverse.extension","","extensions
user content","",0,*,"","","","Extension {[]} {[]}
","Additional content defined by implementations","May be used to represent additional information that is not part of the basic definition of the element. To make the use of extensions safe and manageable, there is a strict set of governance  applied to the definition and use of extensions. Though any implementer can define an extension, there is a set of requirements that SHALL be met as part of the definition of the extension.","There can be no stigma associated with the use of extensions by any application, project, or standard - regardless of the institution or jurisdiction that uses or defines the extensions.  The use of extensions is what allows the FHIR specification to retain a core level of simplicity for everyone.","","","","","","","","",,,,,"","value:url}
","Extensions are always sliced by (at least) url",,"open","Element.extension",0,*,"","ele-1:All FHIR elements must have a @value or children {hasValue() or (children().count() > id.count())}
ext-1:Must have either extensions or value[x], not both {extension.exists() != value.exists()}"
"pdlgcArchiveTransverse","pdlgcArchiveTransverse.transverse.modifierExtension","pdlgcArchiveTransverse.transverse.modifierExtension","","extensions
user contentmodifiers","",0,*,"","Y","Y","Extension {[]} {[]}
","Extensions that cannot be ignored even if unrecognized","May be used to represent additional information that is not part of the basic definition of the element and that modifies the understanding of the element in which it is contained and/or the understanding of the containing element's descendants. Usually modifier elements provide negation or qualification. To make the use of extensions safe and manageable, there is a strict set of governance applied to the definition and use of extensions. Though any implementer can define an extension, there is a set of requirements that SHALL be met as part of the definition of the extension. Applications processing a resource are required to check for modifier extensions.

Modifier extensions SHALL NOT change the meaning of any elements on Resource or DomainResource (including cannot change the meaning of modifierExtension itself).","There can be no stigma associated with the use of extensions by any application, project, or standard - regardless of the institution or jurisdiction that uses or defines the extensions.  The use of extensions is what allows the FHIR specification to retain a core level of simplicity for everyone.","Modifier extensions allow for extensions that *cannot* be safely ignored to be clearly distinguished from the vast majority of extensions which can be safely ignored.  This promotes interoperability by eliminating the need for implementers to prohibit the presence of extensions. For further information, see the [definition of modifier extensions](http://hl7.org/fhir/R4/extensibility.html#modifierExtension).","","","","","","","",,,,,"",,,,"BackboneElement.modifierExtension",0,*,"","ele-1:All FHIR elements must have a @value or children {hasValue() or (children().count() > id.count())}
ext-1:Must have either extensions or value[x], not both {extension.exists() != value.exists()}"
"pdlgcArchiveTransverse","pdlgcArchiveTransverse.transverse.documentPivot","pdlgcArchiveTransverse.transverse.documentPivot","","","",1,*,"","","","https://interop.esante.gouv.fr/ig/mos/StructureDefinition/Document {[]} {[]}
","Données structurées du périmètre pivot relative au praticien et/ou au cabinet. Leur export est obligatoire.","Données structurées du périmètre pivot relative au praticien et/ou au cabinet. Leur export est obligatoire.","","","","","","","","","",,,,,"",,,,"pdlgcArchiveTransverse.transverse.documentPivot",1,*,"",""
"pdlgcArchiveTransverse","pdlgcArchiveTransverse.transverse.documentHorsPivot","pdlgcArchiveTransverse.transverse.documentHorsPivot","","","",0,*,"","","","https://interop.esante.gouv.fr/ig/mos/StructureDefinition/Document {[]} {[]}
","Données structurées hors périmètre pivot. Leur export est facultatif.","Données structurées hors périmètre pivot. Leur export est facultatif.","","","","","","","","","",,,,,"",,,,"pdlgcArchiveTransverse.transverse.documentHorsPivot",0,*,"",""
"pdlgcAuthor","pdlgcAuthor","pdlgcAuthor","","","",0,*,"","","","null {[]} {[]}
","PDLGC Author","Informations relatives à l'auteur responsable de la production de l'archive de portabilité","","","","","","","","","",,,,,"",,,,"Base",0,*,"",""
"pdlgcAuthor","pdlgcAuthor.lgcSoftwareVendor","pdlgcAuthor.lgcSoftwareVendor","","","",1,1,"","","","https://interop.esante.gouv.fr/ig/fhir/pdlgc/StructureDefinition/pdlgcSoftwareVendor {[]} {[]}
","Editeur du logiciel responsable de la production et de l'export de l'archive de portabilité","Editeur du logiciel responsable de la production et de l'export de l'archive de portabilité","","","","","","","","","",,,,,"",,,,"pdlgcAuthor.lgcSoftwareVendor",1,1,"",""
"pdlgcAuthor","pdlgcAuthor.lgcSystem","pdlgcAuthor.lgcSystem","","","",1,1,"","","","https://interop.esante.gouv.fr/ig/fhir/pdlgc/StructureDefinition/xdmActorSystem {[]} {[]}
","Logiciel responsable de la production et de l'export de l'archive de portabilité","Logiciel responsable de la production et de l'export de l'archive de portabilité","","","","","","","","","",,,,,"",,,,"pdlgcAuthor.lgcSystem",1,1,"",""
"pdlgcContactPortabilite","pdlgcContactPortabilite","pdlgcContactPortabilite","","","",0,*,"","","","null {[]} {[]}
","PDLGC Contact Portabilite","PDLGC Contact Portabilite","","","","","","","","","",,,,,"",,,,"Base",0,*,"",""
"pdlgcContactPortabilite","pdlgcContactPortabilite.name","pdlgcContactPortabilite.name","","","",1,1,"","","","string {[]} {[]}
","Nom de la personne identifiée comme Point de contact Portabilité de l'éditeur","Nom de la personne identifiée comme Point de contact Portabilité de l'éditeur","","","","","","","","","",,,,,"",,,,"pdlgcContactPortabilite.name",1,1,"",""
"pdlgcContactPortabilite","pdlgcContactPortabilite.telecom","pdlgcContactPortabilite.telecom","","","",1,*,"","","","BackboneElement {[]} {[]}
","Moyen de communication","Moyen de communication","","","","","","","","","",,,,,"",,,,"pdlgcContactPortabilite.telecom",1,*,"","ele-1:All FHIR elements must have a @value or children {hasValue() or (children().count() > id.count())}
"
"pdlgcContactPortabilite","pdlgcContactPortabilite.telecom.id","pdlgcContactPortabilite.telecom.id","","","",0,1,"","","","string {[]} {[]}
","Unique id for inter-element referencing","Unique id for the element within a resource (for internal references). This may be any string value that does not contain spaces.","","","","","","","","","",,,,,"",,,,"Element.id",0,1,"",""
"pdlgcContactPortabilite","pdlgcContactPortabilite.telecom.extension","pdlgcContactPortabilite.telecom.extension","","extensions
user content","",0,*,"","","","Extension {[]} {[]}
","Additional content defined by implementations","May be used to represent additional information that is not part of the basic definition of the element. To make the use of extensions safe and manageable, there is a strict set of governance  applied to the definition and use of extensions. Though any implementer can define an extension, there is a set of requirements that SHALL be met as part of the definition of the extension.","There can be no stigma associated with the use of extensions by any application, project, or standard - regardless of the institution or jurisdiction that uses or defines the extensions.  The use of extensions is what allows the FHIR specification to retain a core level of simplicity for everyone.","","","","","","","","",,,,,"","value:url}
","Extensions are always sliced by (at least) url",,"open","Element.extension",0,*,"","ele-1:All FHIR elements must have a @value or children {hasValue() or (children().count() > id.count())}
ext-1:Must have either extensions or value[x], not both {extension.exists() != value.exists()}"
"pdlgcContactPortabilite","pdlgcContactPortabilite.telecom.modifierExtension","pdlgcContactPortabilite.telecom.modifierExtension","","extensions
user contentmodifiers","",0,*,"","Y","Y","Extension {[]} {[]}
","Extensions that cannot be ignored even if unrecognized","May be used to represent additional information that is not part of the basic definition of the element and that modifies the understanding of the element in which it is contained and/or the understanding of the containing element's descendants. Usually modifier elements provide negation or qualification. To make the use of extensions safe and manageable, there is a strict set of governance applied to the definition and use of extensions. Though any implementer can define an extension, there is a set of requirements that SHALL be met as part of the definition of the extension. Applications processing a resource are required to check for modifier extensions.

Modifier extensions SHALL NOT change the meaning of any elements on Resource or DomainResource (including cannot change the meaning of modifierExtension itself).","There can be no stigma associated with the use of extensions by any application, project, or standard - regardless of the institution or jurisdiction that uses or defines the extensions.  The use of extensions is what allows the FHIR specification to retain a core level of simplicity for everyone.","Modifier extensions allow for extensions that *cannot* be safely ignored to be clearly distinguished from the vast majority of extensions which can be safely ignored.  This promotes interoperability by eliminating the need for implementers to prohibit the presence of extensions. For further information, see the [definition of modifier extensions](http://hl7.org/fhir/R4/extensibility.html#modifierExtension).","","","","","","","",,,,,"",,,,"BackboneElement.modifierExtension",0,*,"","ele-1:All FHIR elements must have a @value or children {hasValue() or (children().count() > id.count())}
ext-1:Must have either extensions or value[x], not both {extension.exists() != value.exists()}"
"pdlgcContactPortabilite","pdlgcContactPortabilite.telecom.type","pdlgcContactPortabilite.telecom.type","","","",1,1,"","","","code {[]} {[]}
","type de moyen de contact. TEL | EMAIL | FAX","type de moyen de contact. TEL | EMAIL | FAX","","","","","","","","","",,"required","","https://interop.esante.gouv.fr/ig/fhir/pdlgc/ValueSet/vs-pdlgc-telecom-type|0.1.0","",,,,"pdlgcContactPortabilite.telecom.type",1,1,"",""
"pdlgcContactPortabilite","pdlgcContactPortabilite.telecom.value","pdlgcContactPortabilite.telecom.value","","","",1,1,"","","","string {[]} {[]}
","valeur du contact (numéro de télépone, adresse email, numéro de fax)","valeur du contact (numéro de télépone, adresse email, numéro de fax)","","","","","","","","","",,,,,"",,,,"pdlgcContactPortabilite.telecom.value",1,1,"",""
"pdlgcDocumentation","pdlgcDocumentation","pdlgcDocumentation","","","",0,*,"","","","null {[]} {[]}
","Documentation d'export permettant au système destinataire d'intégrer les données LGC du système émetteur.","Documentation d'export permettant au système destinataire d'intégrer les données LGC du système émetteur.","Transaction ExportArchivePortabilite.","","","","","","","","",,,,,"",,,,"Base",0,*,"",""
"pdlgcDocumentation","pdlgcDocumentation.dictionnaireDonnes","pdlgcDocumentation.dictionnaireDonnes","","","",1,*,"","","","https://interop.esante.gouv.fr/ig/mos/StructureDefinition/Document {[]} {[]}
","Document décrivant les données exportées dans un format propriétaire structuré, pour lesquelles il n'existe pas de spécification publique de référence permettant au LGC destinataire d'en déduire la structure et la sémantique.","Document décrivant les données exportées dans un format propriétaire structuré, pour lesquelles il n'existe pas de spécification publique de référence permettant au LGC destinataire d'en déduire la structure et la sémantique.","","","","","","","","","",,,,,"",,,,"pdlgcDocumentation.dictionnaireDonnes",1,*,"",""
"pdlgcDocumentation","pdlgcDocumentation.mappingFichiers","pdlgcDocumentation.mappingFichiers","","","",1,*,"","","","https://interop.esante.gouv.fr/ig/mos/StructureDefinition/Document {[]} {[]}
","Description technique des fichiers des archives transverse et Patient, permettant au système destinataire d'en identifier le contenu, le format et les références aux spécifications applicables (volet CI-SIS ou dictionnaire de données propriétaire).","Description technique des fichiers des archives transverse et Patient, permettant au système destinataire d'en identifier le contenu, le format et les références aux spécifications applicables (volet CI-SIS ou dictionnaire de données propriétaire).","","","","","","","","","",,,,,"",,,,"pdlgcDocumentation.mappingFichiers",1,*,"",""
"pdlgcDocumentation","pdlgcDocumentation.schemaTechnique","pdlgcDocumentation.schemaTechnique","","","",0,*,"","","","https://interop.esante.gouv.fr/ig/mos/StructureDefinition/Document {[]} {[]}
","Schéma décrivant la structure des fichiers exportés dans un format propriétaire (XSD, JSON Schema ou équivalent), destiné à faciliter l'implémentation du traitement des données par le système destinataire.","Schéma décrivant la structure des fichiers exportés dans un format propriétaire (XSD, JSON Schema ou équivalent), destiné à faciliter l'implémentation du traitement des données par le système destinataire.","","","","","","","","","",,,,,"",,,,"pdlgcDocumentation.schemaTechnique",0,*,"",""
"pdlgcDocumentation","pdlgcDocumentation.jeuEchantillon","pdlgcDocumentation.jeuEchantillon","","","",1,*,"","","","https://interop.esante.gouv.fr/ig/mos/StructureDefinition/Document {[]} {[]}
","Exemples anonymisés représentatifs de chaque type de fichier présent dans l'archive, destinés à illustrer la structure et le contenu attendus.","Exemples anonymisés représentatifs de chaque type de fichier présent dans l'archive, destinés à illustrer la structure et le contenu attendus.","","","","","","","","","",,,,,"",,,,"pdlgcDocumentation.jeuEchantillon",1,*,"",""
"pdlgcDocumentation","pdlgcDocumentation.parametreConfiguration","pdlgcDocumentation.parametreConfiguration","","","",0,*,"","","","https://interop.esante.gouv.fr/ig/mos/StructureDefinition/Document {[]} {[]}
","Description des paramètres de configuration du système émetteur susceptibles de conditionner l'interprétation, l'affichage ou le traitement des données exportées, permettant au système destinataire d'adapter sa propre configuration pour garantir une reprise fonctionnelle cohérente.","Description des paramètres de configuration du système émetteur susceptibles de conditionner l'interprétation, l'affichage ou le traitement des données exportées, permettant au système destinataire d'adapter sa propre configuration pour garantir une reprise fonctionnelle cohérente.","","","","","","","","","",,,,,"",,,,"pdlgcDocumentation.parametreConfiguration",0,*,"",""
"pdlgcIndex","pdlgcIndex","pdlgcIndex","","","",0,*,"","","","null {[]} {[]}
","PDLGC Index","L'INDEX.HTM est renferme des informations éditoriales et est conforme aux spécifications XHTML et Echanges de Documents de santé.","","","","","","","","","",,,,,"",,,,"Base",0,*,"",""
"pdlgcIndex","pdlgcIndex.identifier","pdlgcIndex.identifier","","","",1,1,"","","","string {[CanonicalType[https://interop.esante.gouv.fr/ig/fhir/pdlgc/StructureDefinition/structIdNat|0.1.0]]} {[]}
","Identification nationale du système responsable de la production de l'archive de Portabilité.","Identification nationale du système responsable de la production de l'archive de Portabilité.","","","","","","","","","",,,,,"",,,,"pdlgcIndex.identifier",1,1,"",""
"pdlgcIndex","pdlgcIndex.name","pdlgcIndex.name","","","",1,1,"","","","string {[]} {[]}
","Nom du sytème responsable de la production de l'archive de Portabilité.","Nom du sytème responsable de la production de l'archive de Portabilité.","","","","","","","","","",,,,,"",,,,"pdlgcIndex.name",1,1,"",""
"pdlgcIndex","pdlgcIndex.avertissement","pdlgcIndex.avertissement","","","",0,1,"","","","string {[]} {[]}
","avertissement optionnel de l'émetteur concernant la sécurité et la confidentialité.","avertissement optionnel de l'émetteur concernant la sécurité et la confidentialité.","","","","","","","","","",,,,,"",,,,"pdlgcIndex.avertissement",0,1,"",""
"pdlgcIndex","pdlgcIndex.lienREADME","pdlgcIndex.lienREADME","","","",1,1,"","","","string {[]} {[]}
","lien vers le fichier README.TXT de l'archive XDM Patient.","lien vers le fichier README.TXT de l'archive XDM Patient.","","","","","","","","","",,,,,"",,,,"pdlgcIndex.lienREADME",1,1,"",""
"pdlgcManifest","pdlgcManifest","pdlgcManifest","","","",0,*,"","","","null {[]} {[]}
","PDLGC Manifest","Le fichier MANIFEST.XML porte les métadonnées globales de l'export (nombre de dossiers patients, volumétrie, éléments d'intégrité), distinctes des métadonnées XDM portées par chaque `METADATA.XML` patient","","","","","","","","","",,,,,"",,,,"Base",0,*,"",""
"pdlgcManifest","pdlgcManifest.exportId","pdlgcManifest.exportId","","","",1,1,"","","","Identifier {[]} {[]}
","Identifiant unique affecté à l'archive de portabilité","Identifiant unique affecté à l'archive de portabilité","","","","","","","","","",,,,,"",,,,"pdlgcManifest.exportId",1,1,"",""
"pdlgcManifest","pdlgcManifest.exportType","pdlgcManifest.exportType","","","",1,1,"","","","code {[]} {[]}
","Type de l'export : UNITAIRE|CIBLE|MASSIF","Type de l'export : UNITAIRE|CIBLE|MASSIF","","","","","","","","","",,"required","","https://interop.esante.gouv.fr/ig/fhir/pdlgc/ValueSet/vs-pdlgc-export-type|0.1.0","",,,,"pdlgcManifest.exportType",1,1,"",""
"pdlgcManifest","pdlgcManifest.exportStartTime","pdlgcManifest.exportStartTime","","","",0,1,"","","","dateTime {[]} {[]}
","Date de début de la période couverte par l'export dans le cas d'un export ciblé","Date de début de la période couverte par l'export dans le cas d'un export ciblé","","","","","","","","","",,,,,"",,,,"pdlgcManifest.exportStartTime",0,1,"",""
"pdlgcManifest","pdlgcManifest.exportEndTime","pdlgcManifest.exportEndTime","","","",0,1,"","","","dateTime {[]} {[]}
","Date de fin de la période couverte par l'export dans le cas d'un export ciblé","Date de fin de la période couverte par l'export dans le cas d'un export ciblé","","","","","","","","","",,,,,"",,,,"pdlgcManifest.exportEndTime",0,1,"",""
"pdlgcManifest","pdlgcManifest.exportStatus","pdlgcManifest.exportStatus","","","",1,1,"","","","code {[]} {[]}
","COMPLETE|PARTIAL|SAMPLE","COMPLETE|PARTIAL|SAMPLE","","","","","","","","","",,"required","","https://interop.esante.gouv.fr/ig/fhir/pdlgc/ValueSet/vs-pdlgc-export-status|0.1.0","",,,,"pdlgcManifest.exportStatus",1,1,"",""
"pdlgcManifest","pdlgcManifest.comments","pdlgcManifest.comments","","","",0,1,"","","","string {[]} {[]}
","commentaire associé à l'export","commentaire associé à l'export","","","","","","","","","",,,,,"",,,,"pdlgcManifest.comments",0,1,"",""
"pdlgcManifest","pdlgcManifest.author","pdlgcManifest.author","","","",1,1,"","","","https://interop.esante.gouv.fr/ig/fhir/pdlgc/StructureDefinition/pdlgcAuthor {[]} {[]}
","Logiciel responsable de la production et de l'export de l'archive de portabiltié","Logiciel responsable de la production et de l'export de l'archive de portabiltié","","","","","","","","","",,,,,"",,,,"pdlgcManifest.author",1,1,"",""
"pdlgcManifest","pdlgcManifest.statistics","pdlgcManifest.statistics","","","",1,1,"","","","BackboneElement {[]} {[]}
","Statistiques globales de l'archive","Statistiques globales de l'archive","","","","","","","","","",,,,,"",,,,"pdlgcManifest.statistics",1,1,"","ele-1:All FHIR elements must have a @value or children {hasValue() or (children().count() > id.count())}
"
"pdlgcManifest","pdlgcManifest.statistics.id","pdlgcManifest.statistics.id","","","",0,1,"","","","string {[]} {[]}
","Unique id for inter-element referencing","Unique id for the element within a resource (for internal references). This may be any string value that does not contain spaces.","","","","","","","","","",,,,,"",,,,"Element.id",0,1,"",""
"pdlgcManifest","pdlgcManifest.statistics.extension","pdlgcManifest.statistics.extension","","extensions
user content","",0,*,"","","","Extension {[]} {[]}
","Additional content defined by implementations","May be used to represent additional information that is not part of the basic definition of the element. To make the use of extensions safe and manageable, there is a strict set of governance  applied to the definition and use of extensions. Though any implementer can define an extension, there is a set of requirements that SHALL be met as part of the definition of the extension.","There can be no stigma associated with the use of extensions by any application, project, or standard - regardless of the institution or jurisdiction that uses or defines the extensions.  The use of extensions is what allows the FHIR specification to retain a core level of simplicity for everyone.","","","","","","","","",,,,,"","value:url}
","Extensions are always sliced by (at least) url",,"open","Element.extension",0,*,"","ele-1:All FHIR elements must have a @value or children {hasValue() or (children().count() > id.count())}
ext-1:Must have either extensions or value[x], not both {extension.exists() != value.exists()}"
"pdlgcManifest","pdlgcManifest.statistics.modifierExtension","pdlgcManifest.statistics.modifierExtension","","extensions
user contentmodifiers","",0,*,"","Y","Y","Extension {[]} {[]}
","Extensions that cannot be ignored even if unrecognized","May be used to represent additional information that is not part of the basic definition of the element and that modifies the understanding of the element in which it is contained and/or the understanding of the containing element's descendants. Usually modifier elements provide negation or qualification. To make the use of extensions safe and manageable, there is a strict set of governance applied to the definition and use of extensions. Though any implementer can define an extension, there is a set of requirements that SHALL be met as part of the definition of the extension. Applications processing a resource are required to check for modifier extensions.

Modifier extensions SHALL NOT change the meaning of any elements on Resource or DomainResource (including cannot change the meaning of modifierExtension itself).","There can be no stigma associated with the use of extensions by any application, project, or standard - regardless of the institution or jurisdiction that uses or defines the extensions.  The use of extensions is what allows the FHIR specification to retain a core level of simplicity for everyone.","Modifier extensions allow for extensions that *cannot* be safely ignored to be clearly distinguished from the vast majority of extensions which can be safely ignored.  This promotes interoperability by eliminating the need for implementers to prohibit the presence of extensions. For further information, see the [definition of modifier extensions](http://hl7.org/fhir/R4/extensibility.html#modifierExtension).","","","","","","","",,,,,"",,,,"BackboneElement.modifierExtension",0,*,"","ele-1:All FHIR elements must have a @value or children {hasValue() or (children().count() > id.count())}
ext-1:Must have either extensions or value[x], not both {extension.exists() != value.exists()}"
"pdlgcManifest","pdlgcManifest.statistics.patientArchiveCount","pdlgcManifest.statistics.patientArchiveCount","","","",1,1,"","","","positiveInt {[]} {[]}
","Nombre d'archives patients transportées","Nombre d'archives patients transportées","","","","","","","","","",,,,,"",,,,"pdlgcManifest.statistics.patientArchiveCount",1,1,"",""
"pdlgcManifest","pdlgcManifest.statistics.transverseArchiveCount","pdlgcManifest.statistics.transverseArchiveCount","","","",1,1,"","","","positiveInt {[]} {[]}
","Nombre d'archives transverse trasnportées","Nombre d'archives transverse trasnportées","","","","","","","","","",,,,,"",,,,"pdlgcManifest.statistics.transverseArchiveCount",1,1,"",""
"pdlgcManifest","pdlgcManifest.archives","pdlgcManifest.archives","","","",1,*,"","","","BackboneElement {[]} {[]}
","informations relatives aux archives patients et transverses contenues dans l'archive de portabilité","informations relatives aux archives patients et transverses contenues dans l'archive de portabilité","","","","","","","","","",,,,,"",,,,"pdlgcManifest.archives",1,*,"","ele-1:All FHIR elements must have a @value or children {hasValue() or (children().count() > id.count())}
"
"pdlgcManifest","pdlgcManifest.archives.id","pdlgcManifest.archives.id","","","",0,1,"","","","string {[]} {[]}
","Unique id for inter-element referencing","Unique id for the element within a resource (for internal references). This may be any string value that does not contain spaces.","","","","","","","","","",,,,,"",,,,"Element.id",0,1,"",""
"pdlgcManifest","pdlgcManifest.archives.extension","pdlgcManifest.archives.extension","","extensions
user content","",0,*,"","","","Extension {[]} {[]}
","Additional content defined by implementations","May be used to represent additional information that is not part of the basic definition of the element. To make the use of extensions safe and manageable, there is a strict set of governance  applied to the definition and use of extensions. Though any implementer can define an extension, there is a set of requirements that SHALL be met as part of the definition of the extension.","There can be no stigma associated with the use of extensions by any application, project, or standard - regardless of the institution or jurisdiction that uses or defines the extensions.  The use of extensions is what allows the FHIR specification to retain a core level of simplicity for everyone.","","","","","","","","",,,,,"","value:url}
","Extensions are always sliced by (at least) url",,"open","Element.extension",0,*,"","ele-1:All FHIR elements must have a @value or children {hasValue() or (children().count() > id.count())}
ext-1:Must have either extensions or value[x], not both {extension.exists() != value.exists()}"
"pdlgcManifest","pdlgcManifest.archives.modifierExtension","pdlgcManifest.archives.modifierExtension","","extensions
user contentmodifiers","",0,*,"","Y","Y","Extension {[]} {[]}
","Extensions that cannot be ignored even if unrecognized","May be used to represent additional information that is not part of the basic definition of the element and that modifies the understanding of the element in which it is contained and/or the understanding of the containing element's descendants. Usually modifier elements provide negation or qualification. To make the use of extensions safe and manageable, there is a strict set of governance applied to the definition and use of extensions. Though any implementer can define an extension, there is a set of requirements that SHALL be met as part of the definition of the extension. Applications processing a resource are required to check for modifier extensions.

Modifier extensions SHALL NOT change the meaning of any elements on Resource or DomainResource (including cannot change the meaning of modifierExtension itself).","There can be no stigma associated with the use of extensions by any application, project, or standard - regardless of the institution or jurisdiction that uses or defines the extensions.  The use of extensions is what allows the FHIR specification to retain a core level of simplicity for everyone.","Modifier extensions allow for extensions that *cannot* be safely ignored to be clearly distinguished from the vast majority of extensions which can be safely ignored.  This promotes interoperability by eliminating the need for implementers to prohibit the presence of extensions. For further information, see the [definition of modifier extensions](http://hl7.org/fhir/R4/extensibility.html#modifierExtension).","","","","","","","",,,,,"",,,,"BackboneElement.modifierExtension",0,*,"","ele-1:All FHIR elements must have a @value or children {hasValue() or (children().count() > id.count())}
ext-1:Must have either extensions or value[x], not both {extension.exists() != value.exists()}"
"pdlgcManifest","pdlgcManifest.archives.archive","pdlgcManifest.archives.archive","","","",1,*,"","","","BackboneElement {[]} {[]}
","informations relatives à une archive Patient ou Transverse","informations relatives à une archive Patient ou Transverse","","","","","","","","","",,,,,"",,,,"pdlgcManifest.archives.archive",1,*,"","ArchiveType-invariant:Le patientId est obligatoire si et seulement si l'archive est de type PATIENT (absent pour une archive TRANSVERSE) {(type = 'PATIENT') = patientId.exists()}
ele-1:All FHIR elements must have a @value or children {hasValue() or (children().count() > id.count())}"
"pdlgcManifest","pdlgcManifest.archives.archive.id","pdlgcManifest.archives.archive.id","","","",0,1,"","","","string {[]} {[]}
","Unique id for inter-element referencing","Unique id for the element within a resource (for internal references). This may be any string value that does not contain spaces.","","","","","","","","","",,,,,"",,,,"Element.id",0,1,"",""
"pdlgcManifest","pdlgcManifest.archives.archive.extension","pdlgcManifest.archives.archive.extension","","extensions
user content","",0,*,"","","","Extension {[]} {[]}
","Additional content defined by implementations","May be used to represent additional information that is not part of the basic definition of the element. To make the use of extensions safe and manageable, there is a strict set of governance  applied to the definition and use of extensions. Though any implementer can define an extension, there is a set of requirements that SHALL be met as part of the definition of the extension.","There can be no stigma associated with the use of extensions by any application, project, or standard - regardless of the institution or jurisdiction that uses or defines the extensions.  The use of extensions is what allows the FHIR specification to retain a core level of simplicity for everyone.","","","","","","","","",,,,,"","value:url}
","Extensions are always sliced by (at least) url",,"open","Element.extension",0,*,"","ele-1:All FHIR elements must have a @value or children {hasValue() or (children().count() > id.count())}
ext-1:Must have either extensions or value[x], not both {extension.exists() != value.exists()}"
"pdlgcManifest","pdlgcManifest.archives.archive.modifierExtension","pdlgcManifest.archives.archive.modifierExtension","","extensions
user contentmodifiers","",0,*,"","Y","Y","Extension {[]} {[]}
","Extensions that cannot be ignored even if unrecognized","May be used to represent additional information that is not part of the basic definition of the element and that modifies the understanding of the element in which it is contained and/or the understanding of the containing element's descendants. Usually modifier elements provide negation or qualification. To make the use of extensions safe and manageable, there is a strict set of governance applied to the definition and use of extensions. Though any implementer can define an extension, there is a set of requirements that SHALL be met as part of the definition of the extension. Applications processing a resource are required to check for modifier extensions.

Modifier extensions SHALL NOT change the meaning of any elements on Resource or DomainResource (including cannot change the meaning of modifierExtension itself).","There can be no stigma associated with the use of extensions by any application, project, or standard - regardless of the institution or jurisdiction that uses or defines the extensions.  The use of extensions is what allows the FHIR specification to retain a core level of simplicity for everyone.","Modifier extensions allow for extensions that *cannot* be safely ignored to be clearly distinguished from the vast majority of extensions which can be safely ignored.  This promotes interoperability by eliminating the need for implementers to prohibit the presence of extensions. For further information, see the [definition of modifier extensions](http://hl7.org/fhir/R4/extensibility.html#modifierExtension).","","","","","","","",,,,,"",,,,"BackboneElement.modifierExtension",0,*,"","ele-1:All FHIR elements must have a @value or children {hasValue() or (children().count() > id.count())}
ext-1:Must have either extensions or value[x], not both {extension.exists() != value.exists()}"
"pdlgcManifest","pdlgcManifest.archives.archive.archiveid","pdlgcManifest.archives.archive.archiveid","","","",1,1,"","","","Identifier {[]} {[]}
","identifiant du répertoire ('PATnnnnn' ou 'TRANSV')","identifiant du répertoire ('PATnnnnn' ou 'TRANSV')","","","","","","","","","",,,,,"",,,,"pdlgcManifest.archives.archive.archiveid",1,1,"",""
"pdlgcManifest","pdlgcManifest.archives.archive.type","pdlgcManifest.archives.archive.type","","","",1,1,"","","","code {[]} {[]}
","PATIENT | TRANSVERSE","PATIENT | TRANSVERSE","","","","","","","","","",,"required","","https://interop.esante.gouv.fr/ig/fhir/pdlgc/ValueSet/vs-pdlgc-archive-type|0.1.0","",,,,"pdlgcManifest.archives.archive.type",1,1,"",""
"pdlgcManifest","pdlgcManifest.archives.archive.patientId","pdlgcManifest.archives.archive.patientId","","","",0,1,"","","","https://interop.esante.gouv.fr/ig/fhir/pdlgc/StructureDefinition/xdmPatientId {[]} {[]}
","Identifiant du Patient s'il s'agit d'une archive XDM Patient","Identifiant du Patient s'il s'agit d'une archive XDM Patient","","","","","","","","","",,,,,"",,,,"pdlgcManifest.archives.archive.patientId",0,1,"",""
"pdlgcManifest","pdlgcManifest.archives.archive.size","pdlgcManifest.archives.archive.size","","","",1,1,"","","","integer {[]} {[]}
","Taille de l'archive zip","Taille de l'archive zip","","","","","","","","","",,,,,"",,,,"pdlgcManifest.archives.archive.size",1,1,"",""
"pdlgcManifest","pdlgcManifest.archives.archive.hash","pdlgcManifest.archives.archive.hash","","","",1,1,"","","","string {[]} {[]}
","Hash SHA-256 de l'archive concernée","Hash SHA-256 de l'archive concernée","","","","","","","","","",,,,,"",,,,"pdlgcManifest.archives.archive.hash",1,1,"",""
"pdlgcMetadata","pdlgcMetadata","pdlgcMetadata","","","",0,*,"","","","null {[]} {[]}
","PDLGC Metadata","Modèle logique décrivant la structure d'un fichier METADATA associé à un SUBSET IHE XDM.
Regroupe un SubmissionSet, ses DocumentEntries et les Associations entre objets.","","","","","","","","","",,,,,"",,,,"Base",0,*,"",""
"pdlgcMetadata","pdlgcMetadata.submissionSet","pdlgcMetadata.submissionSet","","","",1,1,"","","","https://interop.esante.gouv.fr/ig/fhir/pdlgc/StructureDefinition/xdmSubmissionSet {[]} {[]}
","Lot de soumission du SUBSET","Lot de soumission du SUBSET","","","","","","","","","",,,,,"",,,,"pdlgcMetadata.submissionSet",1,1,"",""
"pdlgcMetadata","pdlgcMetadata.documentEntry","pdlgcMetadata.documentEntry","","","",1,*,"","","","https://interop.esante.gouv.fr/ig/fhir/pdlgc/StructureDefinition/xdmDocumentEntry {[]} {[]}
","Fiches documentaires des documents inclus dans le SUBSET","Fiches documentaires des documents inclus dans le SUBSET","","","","","","","","","",,,,,"",,,,"pdlgcMetadata.documentEntry",1,*,"",""
"pdlgcMetadata","pdlgcMetadata.association","pdlgcMetadata.association","","","",1,*,"","","","https://interop.esante.gouv.fr/ig/fhir/pdlgc/StructureDefinition/xdmAssociation {[]} {[]}
","Associations entre objets du SUBSET (remplacement, transformation)","Associations entre objets du SUBSET (remplacement, transformation)","","","","","","","","","",,,,,"",,,,"pdlgcMetadata.association",1,*,"",""
"pdlgcReadme","pdlgcReadme","pdlgcReadme","","","",0,*,"","","","null {[]} {[]}
","PDLGC Readme","Informations éditoriales et instructions. Le socle du README.TXt est identique pour l'archive de portabilité, l'archive de données transverse et l'archive XDM Patient","","","","","","","","","",,,,,"",,,,"Base",0,*,"",""
"pdlgcReadme","pdlgcReadme.author","pdlgcReadme.author","","","",1,1,"","","","https://interop.esante.gouv.fr/ig/fhir/pdlgc/StructureDefinition/pdlgcAuthor {[]} {[]}
","auteur responsable de l'export des données LGC et informations de l'éditeur émetteur","auteur responsable de l'export des données LGC et informations de l'éditeur émetteur","","","","","","","","","",,,,,"",,,,"pdlgcReadme.author",1,1,"",""
"pdlgcReadme","pdlgcReadme.instructions","pdlgcReadme.instructions","","","",1,1,"","","","string {[]} {[]}
","Instructions de lecture et intégration de l'archive de Portabilité","Instructions de lecture et intégration de l'archive de Portabilité","","","","","","","","","",,,,,"",,,,"pdlgcReadme.instructions",1,1,"",""
"pdlgcReadme","pdlgcReadme.arborescence","pdlgcReadme.arborescence","","","",1,1,"","","","string {[]} {[]}
","description de la structure de l'archive de Portabilité","description de la structure de l'archive de Portabilité","","","","","","","","","",,,,,"",,,,"pdlgcReadme.arborescence",1,1,"",""
"pdlgcSoftwareVendor","pdlgcSoftwareVendor","pdlgcSoftwareVendor","","","",0,*,"","","","null {[]} {[]}
","PDLGC SoftwareVendor","Editeur du logiciel","","","","","","","","","",,,,,"",,,,"Base",0,*,"",""
"pdlgcSoftwareVendor","pdlgcSoftwareVendor.institution","pdlgcSoftwareVendor.institution","","","",1,1,"","","","https://interop.esante.gouv.fr/ig/fhir/pdlgc/StructureDefinition/xdmAuthorInstitution {[]} {[]}
","Nom et identification de l'éditeur du logiciel au format au format HL7 v.2.5.","Nom et identification de l'éditeur du logiciel au format au format HL7 v.2.5.","","","","","","","","","",,,,,"",,,,"pdlgcSoftwareVendor.institution",1,1,"",""
"pdlgcSoftwareVendor","pdlgcSoftwareVendor.contact","pdlgcSoftwareVendor.contact","","","",1,1,"","","","https://interop.esante.gouv.fr/ig/fhir/pdlgc/StructureDefinition/pdlgcContactPortabilite {[]} {[]}
","Contact portabilité de l'éditeur","Contact portabilité de l'éditeur","","","","","","","","","",,,,,"",,,,"pdlgcSoftwareVendor.contact",1,1,"",""
"psIdNat","string","string","","","",0,*,"","","","null {[]} {[]}
","Primitive Type string","A sequence of Unicode characters","Note that FHIR strings SHALL NOT exceed 1MB in size","","","","","","","","",,,,,"",,,,"string",0,*,"","ele-1:All FHIR elements must have a @value or children {hasValue() or (children().count() > id.count())}
PSIdNat-invariant:Le numéro PSIdNat doit être un entier commençant par 0, 1, 3, 4, 5, 6 ou 8 {$this.matches('^(0|1|3|4|5|6|8)\d*$')}"
"psIdNat","string.id","string.id","","","",0,1,"","","","string {[]} {[]}
","xml:id (or equivalent in JSON)","unique id for the element within a resource (for internal references)","","","","","","","","","",,,,,"",,,,"Element.id",0,1,"",""
"psIdNat","string.extension","string.extension","","extensions
user content","",0,*,"","","","Extension {[]} {[]}
","Additional content defined by implementations","May be used to represent additional information that is not part of the basic definition of the resource. To make the use of extensions safe and manageable, there is a strict set of governance  applied to the definition and use of extensions. Though any implementer can define an extension, there is a set of requirements that SHALL be met as part of the definition of the extension.","There can be no stigma associated with the use of extensions by any application, project, or standard - regardless of the institution or jurisdiction that uses or defines the extensions.  The use of extensions is what allows the FHIR specification to retain a core level of simplicity for everyone.","","","","","","","","",,,,,"",,,,"Element.extension",0,*,"","ele-1:All FHIR elements must have a @value or children {hasValue() or (children().count() > id.count())}
ext-1:Must have either extensions or value[x], not both {extension.exists() != value.exists()}"
"psIdNat","string.value","string.value","","","",0,1,"","","","string {[]} {[]}
","Primitive value for string","The actual value","","","","","","","","","",1048576,,,,"",,,,"string.value",0,1,"",""
"structIdNat","string","string","","","",0,*,"","","","null {[]} {[]}
","Primitive Type string","A sequence of Unicode characters","Note that FHIR strings SHALL NOT exceed 1MB in size","","","","","","","","",,,,,"",,,,"string",0,*,"","ele-1:All FHIR elements must have a @value or children {hasValue() or (children().count() > id.count())}
"
"structIdNat","string.id","string.id","","","",0,1,"","","","string {[]} {[]}
","xml:id (or equivalent in JSON)","unique id for the element within a resource (for internal references)","","","","","","","","","",,,,,"",,,,"Element.id",0,1,"",""
"structIdNat","string.extension","string.extension","","extensions
user content","",0,*,"","","","Extension {[]} {[]}
","Additional content defined by implementations","May be used to represent additional information that is not part of the basic definition of the resource. To make the use of extensions safe and manageable, there is a strict set of governance  applied to the definition and use of extensions. Though any implementer can define an extension, there is a set of requirements that SHALL be met as part of the definition of the extension.","There can be no stigma associated with the use of extensions by any application, project, or standard - regardless of the institution or jurisdiction that uses or defines the extensions.  The use of extensions is what allows the FHIR specification to retain a core level of simplicity for everyone.","","","","","","","","",,,,,"",,,,"Element.extension",0,*,"","ele-1:All FHIR elements must have a @value or children {hasValue() or (children().count() > id.count())}
ext-1:Must have either extensions or value[x], not both {extension.exists() != value.exists()}"
"structIdNat","string.value","string.value","","","",0,1,"","","","string {[]} {[]}
","Primitive value for string","The actual value","","","","","","","","","",1048576,,,,"",,,,"string.value",0,1,"",""
"systIdNat","string","string","","","",0,*,"","","","null {[]} {[]}
","Primitive Type string","A sequence of Unicode characters","Note that FHIR strings SHALL NOT exceed 1MB in size","","","","","","","","",,,,,"",,,,"string",0,*,"","ele-1:All FHIR elements must have a @value or children {hasValue() or (children().count() > id.count())}
SystIdNat-invariant:Le numéro PSIdNat doit être un entier commençant par 0, 1, 3, 4, 5, 6 ou 8 {$this.matches('^(0|3|4|5|6)\d*$')}"
"systIdNat","string.id","string.id","","","",0,1,"","","","string {[]} {[]}
","xml:id (or equivalent in JSON)","unique id for the element within a resource (for internal references)","","","","","","","","","",,,,,"",,,,"Element.id",0,1,"",""
"systIdNat","string.extension","string.extension","","extensions
user content","",0,*,"","","","Extension {[]} {[]}
","Additional content defined by implementations","May be used to represent additional information that is not part of the basic definition of the resource. To make the use of extensions safe and manageable, there is a strict set of governance  applied to the definition and use of extensions. Though any implementer can define an extension, there is a set of requirements that SHALL be met as part of the definition of the extension.","There can be no stigma associated with the use of extensions by any application, project, or standard - regardless of the institution or jurisdiction that uses or defines the extensions.  The use of extensions is what allows the FHIR specification to retain a core level of simplicity for everyone.","","","","","","","","",,,,,"",,,,"Element.extension",0,*,"","ele-1:All FHIR elements must have a @value or children {hasValue() or (children().count() > id.count())}
ext-1:Must have either extensions or value[x], not both {extension.exists() != value.exists()}"
"systIdNat","string.value","string.value","","","",0,1,"","","","string {[]} {[]}
","Primitive value for string","The actual value","","","","","","","","","",1048576,,,,"",,,,"string.value",0,1,"",""
"xdmActorPatient","xdmActorPatient","xdmActorPatient","","","",0,*,"","","","null {[]} {[]}
","XDM ActorPatient","Cet attribut représente l'acteur Patient.","","","","","","","","","",,,,,"",,,,"Base",0,*,"",""
"xdmActorPatient","xdmActorPatient.xcn1","xdmActorPatient.xcn1","","","",1,1,"","","","string {[CanonicalType[https://interop.esante.gouv.fr/ig/fhir/pdlgc/StructureDefinition/patId|0.1.0]]} {[]}
","Identifiant du patient. Le matricule INS du patient, tel que défini dans le cadre juridique, est à utiliser prioritairement. À défaut, un autre identifiant (ex : IPP du système émetteur) peut être utilisé.","Identifiant de l'acteur qui. Le format de l'identifiant doit respecter le datatype PatId, PSIdNat ou SystIdNat selon le type d'acteur","","","","","","","<valueString xmlns=""http://hl7.org/fhir"" value=""124018852493334""/>","","",,,,,"",,,,"xdmActorXdsCore.xcn1",1,1,"",""
"xdmActorPatient","xdmActorPatient.xcn2","xdmActorPatient.xcn2","","","",1,1,"","","","string {[]} {[]}
","Nom du patient","Nom d'exercice du professionnel, nom du patient, nom du système.","","","","","","","","","",,,,,"",,,,"xdmActorXdsCore.xcn2",1,1,"",""
"xdmActorPatient","xdmActorPatient.xcn3","xdmActorPatient.xcn3","","","",1,1,"","","","string {[]} {[]}
","Prénom du patient","Prénom usuel de la personne (par défaut le premier prénom), nom du modèle pour les dispositifs ou dénomination pour les autres systèmes.","","","","","","","","","",,,,,"",,,,"xdmActorXdsCore.xcn3",1,1,"",""
"xdmActorPatient","xdmActorPatient.xcn9","xdmActorPatient.xcn9","","","",1,1,"","","","Base {[]} {[]}
","Autorité d’affectation","Autorité d’affectation","","","","","","","","","",,,,,"",,,,"xdmActorXdsCore.xcn9",1,1,"",""
"xdmActorPatient","xdmActorPatient.xcn9.composant1","xdmActorPatient.xcn9.composant1","","","",0,0,"","","","string {[]} {[]}
","Vide, pas de valeur","Vide, pas de valeur","","","","","","","","","",,,,,"",,,,"xdmActorXdsCore.xcn9.composant1",0,0,"",""
"xdmActorPatient","xdmActorPatient.xcn9.composant2","xdmActorPatient.xcn9.composant2","","","",1,1,"","","","string {[]} {[]}
","Valeur de l'OID de l’autorité d’affectation de l’identifiant. Identifiant de l’autorité d’affectation de l'identifiant utilisé.","Cet identifiant, au format HL7 v.2.5 est constitué de trois sous-composants qui prennent les valeurs suivantes en fonction du type d'identifiant.
INS : Valeur de Namespace ID (IS) = Vide, pas de valeur | Valeur de Universal ID (ST) = OID de l’autorité d’affectation de l’INS utilisé, prise dans la liste des OID des autorités d'affectation des INS | Valeur de Universal ID type (ID) = ISO
Autre identifiant : Valeur de Namespace ID (IS) = Vide, pas de valeur | Valeur de Universal ID (ST) = OID de l’autorité d’affectation dl'identifiant (i.e. l'instituion qui a attribué cet identifiant) | Valeur de Universal ID type (ID) = ISO
","","","","","","","","","",,,,,"",,,,"xdmActorXdsCore.xcn9.composant2",1,1,"",""
"xdmActorPatient","xdmActorPatient.xcn9.composant3","xdmActorPatient.xcn9.composant3","","","",1,1,"","","","string {[]} {[]}
","Valeur de Universal ID type (ID). Valeur fixée à 'ISO'","Valeur de Universal ID type (ID). Valeur fixée à 'ISO'","","","","","","<valueString xmlns=""http://hl7.org/fhir"" value=""ISO""/>","","","",,,,,"",,,,"xdmActorXdsCore.xcn9.composant3",1,1,"",""
"xdmActorPatient","xdmActorPatient.xcn10","xdmActorPatient.xcn10","","","",1,1,"","","","code {[]} {[]}
","Type de nom : 'D' pour les personnes physiques, 'U', pour les systèmes.","Type de nom : 'D' pour les personnes physiques, 'U', pour les systèmes.","","","","","","<valueCode xmlns=""http://hl7.org/fhir"" value=""D""/>","","","",,,,,"",,,,"xdmActorXdsCore.xcn10",1,1,"",""
"xdmActorPatient","xdmActorPatient.xcn13","xdmActorPatient.xcn13","","","",1,1,"","","","code {[]} {[]}
","'NH' pour les patients identifiés par leur INS, 'PI' pour les patients identifiés par d'autres identifiants","Type d’identifiant","","","","","","","","","",,,,,"",,,,"xdmActorXdsCore.xcn13",1,1,"","TypeIdPatient:XCN.13 doit valoir 'NH' ou 'PI' {xcn13 = 'NH' or xcn13 = 'PI'}
"
"xdmActorPs","xdmActorPs","xdmActorPs","","","",0,*,"","","","null {[]} {[]}
","XDM ActorPS","Cet attribut représente un acteur PS.","","","","","","","","","",,,,,"",,,,"Base",0,*,"",""
"xdmActorPs","xdmActorPs.xcn1","xdmActorPs.xcn1","","","",1,1,"","","","string {[CanonicalType[https://interop.esante.gouv.fr/ig/fhir/pdlgc/StructureDefinition/psIdNat|0.1.0]]} {[]}
","Identifiant de l'acteur qui. Le format de l'identifiant doit respecter le datatype PatId, PSIdNat ou SystIdNat selon le type d'acteur","Identifiant de l'acteur qui. Le format de l'identifiant doit respecter le datatype PatId, PSIdNat ou SystIdNat selon le type d'acteur","","","","","","","<valueString xmlns=""http://hl7.org/fhir"" value=""801234567890""/>","","",,,,,"",,,,"xdmActorXdsCore.xcn1",1,1,"",""
"xdmActorPs","xdmActorPs.xcn2","xdmActorPs.xcn2","","","",1,1,"","","","string {[]} {[]}
","Nom d'exercice du professionnel","Nom d'exercice du professionnel, nom du patient, nom du système.","","","","","","","","","",,,,,"",,,,"xdmActorXdsCore.xcn2",1,1,"",""
"xdmActorPs","xdmActorPs.xcn3","xdmActorPs.xcn3","","","",1,1,"","","","string {[]} {[]}
","Prénom usuel de la personne","Prénom usuel de la personne (par défaut le premier prénom), nom du modèle pour les dispositifs ou dénomination pour les autres systèmes.","","","","","","","","","",,,,,"",,,,"xdmActorXdsCore.xcn3",1,1,"",""
"xdmActorPs","xdmActorPs.xcn9","xdmActorPs.xcn9","","","",1,1,"","","","Base {[]} {[]}
","Autorité d’affectation","Autorité d’affectation","","","","","","","","","",,,,,"",,,,"xdmActorXdsCore.xcn9",1,1,"",""
"xdmActorPs","xdmActorPs.xcn9.composant1","xdmActorPs.xcn9.composant1","","","",0,0,"","","","string {[]} {[]}
","Vide, pas de valeur","Vide, pas de valeur","","","","","","","","","",,,,,"",,,,"xdmActorXdsCore.xcn9.composant1",0,0,"",""
"xdmActorPs","xdmActorPs.xcn9.composant2","xdmActorPs.xcn9.composant2","","","",1,1,"","","","string {[]} {[]}
","Valeur de Universal ID","Valeur de Universal ID","","","","","","<valueString xmlns=""http://hl7.org/fhir"" value=""1.2.250.1.71.4.2.1""/>","","","",,,,,"",,,,"xdmActorXdsCore.xcn9.composant2",1,1,"",""
"xdmActorPs","xdmActorPs.xcn9.composant3","xdmActorPs.xcn9.composant3","","","",1,1,"","","","string {[]} {[]}
","Valeur de Universal ID type (ID). Valeur fixée à 'ISO'","Valeur de Universal ID type (ID). Valeur fixée à 'ISO'","","","","","","<valueString xmlns=""http://hl7.org/fhir"" value=""ISO""/>","","","",,,,,"",,,,"xdmActorXdsCore.xcn9.composant3",1,1,"",""
"xdmActorPs","xdmActorPs.xcn10","xdmActorPs.xcn10","","","",1,1,"","","","code {[]} {[]}
","Type de nom : 'D' pour les personnes physiques, 'U', pour les systèmes.","Type de nom : 'D' pour les personnes physiques, 'U', pour les systèmes.","","","","","","<valueCode xmlns=""http://hl7.org/fhir"" value=""D""/>","","","",,,,,"",,,,"xdmActorXdsCore.xcn10",1,1,"",""
"xdmActorPs","xdmActorPs.xcn13","xdmActorPs.xcn13","","","",1,1,"","","","code {[]} {[]}
","Type d’identifiant","Type d’identifiant","","","","","","<valueCode xmlns=""http://hl7.org/fhir"" value=""IDNPS""/>","","","",,,,,"",,,,"xdmActorXdsCore.xcn13",1,1,"",""
"xdmActorSystem","xdmActorSystem","xdmActorSystem","","","",0,*,"","","","null {[]} {[]}
","XDM ActorSystem","Cet attribut représente l'acteur System.","","","","","","","","","",,,,,"",,,,"Base",0,*,"",""
"xdmActorSystem","xdmActorSystem.xcn1","xdmActorSystem.xcn1","","","",1,1,"","","","string {[CanonicalType[https://interop.esante.gouv.fr/ig/fhir/pdlgc/StructureDefinition/systIdNat|0.1.0]]} {[]}
","Identifiant de l'acteur qui. Le format de l'identifiant doit respecter le datatype PatId, PSIdNat ou SystIdNat selon le type d'acteur","Identifiant de l'acteur qui. Le format de l'identifiant doit respecter le datatype PatId, PSIdNat ou SystIdNat selon le type d'acteur","","","","","","","<valueString xmlns=""http://hl7.org/fhir"" value=""3750100125/88""/>","","",,,,,"",,,,"xdmActorXdsCore.xcn1",1,1,"",""
"xdmActorSystem","xdmActorSystem.xcn2","xdmActorSystem.xcn2","","","",1,1,"","","","string {[]} {[]}
","Nom et version du système","Nom d'exercice du professionnel, nom du patient, nom du système.","","","","","","","","","",,,,,"",,,,"xdmActorXdsCore.xcn2",1,1,"",""
"xdmActorSystem","xdmActorSystem.xcn3","xdmActorSystem.xcn3","","","",1,1,"","","","string {[]} {[]}
","Nom du modèle pour les dispositifs ou dénomination pour les autres systèmes.","Prénom usuel de la personne (par défaut le premier prénom), nom du modèle pour les dispositifs ou dénomination pour les autres systèmes.","","","","","","","","","",,,,,"",,,,"xdmActorXdsCore.xcn3",1,1,"",""
"xdmActorSystem","xdmActorSystem.xcn9","xdmActorSystem.xcn9","","","",1,1,"","","","Base {[]} {[]}
","Autorité d’affectation","Autorité d’affectation","","","","","","","","","",,,,,"",,,,"xdmActorXdsCore.xcn9",1,1,"",""
"xdmActorSystem","xdmActorSystem.xcn9.composant1","xdmActorSystem.xcn9.composant1","","","",0,0,"","","","string {[]} {[]}
","Vide, pas de valeur","Vide, pas de valeur","","","","","","","","","",,,,,"",,,,"xdmActorXdsCore.xcn9.composant1",0,0,"",""
"xdmActorSystem","xdmActorSystem.xcn9.composant2","xdmActorSystem.xcn9.composant2","","","",1,1,"","","","string {[]} {[]}
","Valeur de Universal ID","Valeur de Universal ID","","","","","","<valueString xmlns=""http://hl7.org/fhir"" value=""1.2.250.1.71.4.2.1""/>","","","",,,,,"",,,,"xdmActorXdsCore.xcn9.composant2",1,1,"",""
"xdmActorSystem","xdmActorSystem.xcn9.composant3","xdmActorSystem.xcn9.composant3","","","",1,1,"","","","string {[]} {[]}
","Valeur de Universal ID type (ID). Valeur fixée à 'ISO'","Valeur de Universal ID type (ID). Valeur fixée à 'ISO'","","","","","","<valueString xmlns=""http://hl7.org/fhir"" value=""ISO""/>","","","",,,,,"",,,,"xdmActorXdsCore.xcn9.composant3",1,1,"",""
"xdmActorSystem","xdmActorSystem.xcn10","xdmActorSystem.xcn10","","","",1,1,"","","","code {[]} {[]}
","Type de nom : 'D' pour les personnes physiques, 'U', pour les systèmes.","Type de nom : 'D' pour les personnes physiques, 'U', pour les systèmes.","","","","","","<valueCode xmlns=""http://hl7.org/fhir"" value=""U""/>","","","",,,,,"",,,,"xdmActorXdsCore.xcn10",1,1,"",""
"xdmActorSystem","xdmActorSystem.xcn13","xdmActorSystem.xcn13","","","",1,1,"","","","code {[]} {[]}
","Type d’identifiant","Type d’identifiant","","","","","","<valueCode xmlns=""http://hl7.org/fhir"" value=""RI""/>","","","",,,,,"",,,,"xdmActorXdsCore.xcn13",1,1,"",""
"xdmActorXdsCore","xdmActorXdsCore","xdmActorXdsCore","","","",0,*,"","","","null {[]} {[]}
","XDM ActorXDS Core","Cet attribut représente un acteur (humain ou système) ayant contribué au document. Pour les documents d’expression personnelle du patient, cette métadonnée fait référence au patient. 

Type xcn de HL7 v2.5","","","","","","","","","",,,,,"",,,,"Base",0,*,"",""
"xdmActorXdsCore","xdmActorXdsCore.xcn1","xdmActorXdsCore.xcn1","","","",1,1,"","","","string {[]} {[]}
","Identifiant de l'acteur qui. Le format de l'identifiant doit respecter le datatype PatId, PSIdNat ou SystIdNat selon le type d'acteur","Identifiant de l'acteur qui. Le format de l'identifiant doit respecter le datatype PatId, PSIdNat ou SystIdNat selon le type d'acteur","","","","","","","","","",,,,,"",,,,"xdmActorXdsCore.xcn1",1,1,"",""
"xdmActorXdsCore","xdmActorXdsCore.xcn2","xdmActorXdsCore.xcn2","","","",1,1,"","","","string {[]} {[]}
","Nom d'exercice du professionnel, nom du patient, nom du système.","Nom d'exercice du professionnel, nom du patient, nom du système.","","","","","","","","","",,,,,"",,,,"xdmActorXdsCore.xcn2",1,1,"",""
"xdmActorXdsCore","xdmActorXdsCore.xcn3","xdmActorXdsCore.xcn3","","","",1,1,"","","","string {[]} {[]}
","Prénom usuel de la personne (par défaut le premier prénom), nom du modèle pour les dispositifs ou dénomination pour les autres systèmes.","Prénom usuel de la personne (par défaut le premier prénom), nom du modèle pour les dispositifs ou dénomination pour les autres systèmes.","","","","","","","","","",,,,,"",,,,"xdmActorXdsCore.xcn3",1,1,"",""
"xdmActorXdsCore","xdmActorXdsCore.xcn9","xdmActorXdsCore.xcn9","","","",1,1,"","","","Base {[]} {[]}
","Autorité d’affectation","Autorité d’affectation","","","","","","","","","",,,,,"",,,,"xdmActorXdsCore.xcn9",1,1,"",""
"xdmActorXdsCore","xdmActorXdsCore.xcn9.composant1","xdmActorXdsCore.xcn9.composant1","","","",0,0,"","","","string {[]} {[]}
","Vide, pas de valeur","Vide, pas de valeur","","","","","","","","","",,,,,"",,,,"xdmActorXdsCore.xcn9.composant1",0,0,"",""
"xdmActorXdsCore","xdmActorXdsCore.xcn9.composant2","xdmActorXdsCore.xcn9.composant2","","","",1,1,"","","","string {[]} {[]}
","Valeur de Universal ID","Valeur de Universal ID","","","","","","","","","",,,,,"",,,,"xdmActorXdsCore.xcn9.composant2",1,1,"",""
"xdmActorXdsCore","xdmActorXdsCore.xcn9.composant3","xdmActorXdsCore.xcn9.composant3","","","",1,1,"","","","string {[]} {[]}
","Valeur de Universal ID type (ID). Valeur fixée à 'ISO'","Valeur de Universal ID type (ID). Valeur fixée à 'ISO'","","","","","","<valueString xmlns=""http://hl7.org/fhir"" value=""ISO""/>","","","",,,,,"",,,,"xdmActorXdsCore.xcn9.composant3",1,1,"",""
"xdmActorXdsCore","xdmActorXdsCore.xcn10","xdmActorXdsCore.xcn10","","","",1,1,"","","","code {[]} {[]}
","Type de nom : 'D' pour les personnes physiques, 'U', pour les systèmes.","Type de nom : 'D' pour les personnes physiques, 'U', pour les systèmes.","","","","","","","","","",,,,,"",,,,"xdmActorXdsCore.xcn10",1,1,"",""
"xdmActorXdsCore","xdmActorXdsCore.xcn13","xdmActorXdsCore.xcn13","","","",1,1,"","","","code {[]} {[]}
","Type d’identifiant","Type d’identifiant","","","","","","","","","",,,,,"",,,,"xdmActorXdsCore.xcn13",1,1,"",""
"xdmArchive","xdmArchive","xdmArchive","","","",0,*,"","","","null {[]} {[]}
","XDM Archive XDM","Modèle logique décrivant la structure d'un SUBSET IHE XDM.
Regroupe un SubmissionSet, ses DocumentEntries et les Associations entre objets.","","","","","","","","","",,,,,"",,,,"Base",0,*,"",""
"xdmArchive","xdmArchive.submissionSet","xdmArchive.submissionSet","","","",1,1,"","","","https://interop.esante.gouv.fr/ig/fhir/pdlgc/StructureDefinition/xdmSubmissionSet {[]} {[]}
","Lot de soumission du SUBSET","Lot de soumission du SUBSET","","","","","","","","","",,,,,"",,,,"xdmArchive.submissionSet",1,1,"",""
"xdmArchive","xdmArchive.documentEntry","xdmArchive.documentEntry","","","",1,*,"","","","https://interop.esante.gouv.fr/ig/fhir/pdlgc/StructureDefinition/xdmDocumentEntry {[]} {[]}
","Fiches documentaires des documents inclus dans le SUBSET","Fiches documentaires des documents inclus dans le SUBSET","","","","","","","","","",,,,,"",,,,"xdmArchive.documentEntry",1,*,"",""
"xdmArchive","xdmArchive.association","xdmArchive.association","","","",1,*,"","","","https://interop.esante.gouv.fr/ig/fhir/pdlgc/StructureDefinition/xdmAssociation {[]} {[]}
","Associations entre objets du SUBSET (remplacement, transformation)","Associations entre objets du SUBSET (remplacement, transformation)","","","","","","","","","",,,,,"",,,,"xdmArchive.association",1,*,"",""
"xdmAssociation","xdmAssociation","xdmAssociation","","","",0,*,"","","","null {[]} {[]}
","XDM Association","Modèle logique d'une association IHE XDS entre deux objets de l'archive de portabilité.
Permet de relier un SubmissionSet ou un DocumentEntry à un autre (remplacement ou transformation).","","","","","","","","","",,,,,"",,,,"Base",0,*,"",""
"xdmAssociation","xdmAssociation.associationType","xdmAssociation.associationType","","","",1,1,"","","","code {[]} {[]}
","Type d'association","Type d'association","","","","","","","","","",,"required","","https://interop.esante.gouv.fr/ig/fhir/pdlgc/ValueSet/vs-association-type|0.1.0","",,,,"xdmAssociation.associationType",1,1,"",""
"xdmAssociation","xdmAssociation.sourceObject","xdmAssociation.sourceObject","","","",1,1,"","","","uuid {[]} {[]}
","Identifiant de l'objet source (SubmissionSet ou DocumentEntry)","Identifiant de l'objet source (SubmissionSet ou DocumentEntry)","","","","","","","","","",,,,,"",,,,"xdmAssociation.sourceObject",1,1,"",""
"xdmAssociation","xdmAssociation.targetObject","xdmAssociation.targetObject","","","",1,1,"","","","uuid {[]} {[]}
","Identifiant de l'objet cible (SubmissionSet ou DocumentEntry)","Identifiant de l'objet cible (SubmissionSet ou DocumentEntry)","","","","","","","","","",,,,,"",,,,"xdmAssociation.targetObject",1,1,"",""
"xdmAuthor","xdmAuthor","xdmAuthor","","","",0,*,"","","","null {[]} {[]}
","XDM Author","Modèle logique d'un auteur.

Représente les personnes physiques et/ou les systèmes (dispositifs, automates, services numériques référencés…) auteurs d’un document ou d'un lot de soummission. 

L’auteur peut être : 
- Un professionnel (personne physique) via son logiciel de professionnel, 
- Le patient/usager (personne physique) via Mon espace Santé, 
- Un système de structure (dispositif, automate, appareil connecté…), 


**author** est un ensemble constitué des sous-attributs **authorInstitution** , **authorPerson**, **authorRole** et **authorSpecialty** et ne porte pas de valeur par lui-même. ","","","","","","","","","",,,,,"",,,,"Base",0,*,"",""
"xdmAuthor","xdmAuthor.institution","xdmAuthor.institution","","","",0,1,"","","","https://interop.esante.gouv.fr/ig/fhir/pdlgc/StructureDefinition/xdmAuthorInstitution {[]} {[]}
","Cet attribut représente la structure de l’auteur.","Cet attribut représente la structure de l’auteur.","","","","","","","","","",,,,,"",,,,"xdmAuthor.institution",0,1,"",""
"xdmAuthor","xdmAuthor.person[x]","xdmAuthor.person[x]","","","",1,1,"","","","https://interop.esante.gouv.fr/ig/fhir/pdlgc/StructureDefinition/xdmActorPs {[]} {[]}
https://interop.esante.gouv.fr/ig/fhir/pdlgc/StructureDefinition/xdmActorPatient {[]} {[]}https://interop.esante.gouv.fr/ig/fhir/pdlgc/StructureDefinition/xdmActorSystem {[]} {[]}","Author","Author","","","","","","","","","",,,,,"",,,,"xdmAuthor.person[x]",1,1,"",""
"xdmAuthor","xdmAuthor.role","xdmAuthor.role","","","",0,*,"","","","CodeableConcept {[]} {[]}
","Cet attribut représente le rôle fonctionnel joué par l’auteur vis-à-vis du patient/usager lors de la création du document, c'est-à-dire à quel titre l’auteur est intervenu vis-à-vis du patient (ex : médecin traitant, Responsable de l'admission, Membre de l'équipe de soins, etc.).","**Author Role**","","","","","","","","","",,"preferred","","https://mos.esante.gouv.fr/NOS/JDV_J47-FunctionCode-CISIS/FHIR/JDV-J47-FunctionCode-CISIS|20250523120000","",,,,"xdmAuthor.role",0,*,"",""
"xdmAuthor","xdmAuthor.specialty","xdmAuthor.specialty","","","",0,1,"","","","CodeableConcept {[]} {[]}
","Cet attribut représente la profession éventuellement associée au savoir-faire de l’auteur professionnel caractérisé par sa profession ou la profession associée au genre d’activité pour l’auteur professionnel caractérisé par son rôle.","**AutorSpecialty**","","","","","","","","","",,"preferred","","https://mos.esante.gouv.fr/NOS/JDV_J01-XdsAuthorSpecialty-CISIS/FHIR/JDV-J01-XdsAuthorSpecialty-CISIS|20260730120000","",,,,"xdmAuthor.specialty",0,1,"",""
"xdmAuthorDocumentEntry","xdmAuthorDocumentEntry","xdmAuthorDocumentEntry","","","",0,*,"","","","null {[]} {[]}
","XDM AuthorDocumentEntry","Modèle logique d'un auteur d'un document
Cette métadonnée représente les personnes physiques et/ou les systèmes (dispositifs, automates, services numériques référencés…) auteurs d’un document. 
L’auteur peut être : 
-  Un professionnel (personne physique) via son logiciel de professionnel, 
- Le patient/usager (personne physique) via Mon espace Santé, 
-  Un système de structure (dispositif, automate, appareil connecté…), ","","","","","","","","","",,,,,"",,,,"Base",0,*,"",""
"xdmAuthorDocumentEntry","xdmAuthorDocumentEntry.institution","xdmAuthorDocumentEntry.institution","","","",0,1,"","","","https://interop.esante.gouv.fr/ig/fhir/pdlgc/StructureDefinition/xdmAuthorInstitution {[]} {[]}
","Cet attribut représente la structure de l’auteur. Pour les documents d’expression personnelle du patient, cette métadonnée est absente.","Cet attribut représente la structure de l’auteur.","","","","","","","","","",,,,,"",,,,"xdmAuthor.institution",0,1,"",""
"xdmAuthorDocumentEntry","xdmAuthorDocumentEntry.person[x]","xdmAuthorDocumentEntry.person[x]","","","",1,1,"","","","https://interop.esante.gouv.fr/ig/fhir/pdlgc/StructureDefinition/xdmActorPs {[]} {[]}
https://interop.esante.gouv.fr/ig/fhir/pdlgc/StructureDefinition/xdmActorPatient {[]} {[]}https://interop.esante.gouv.fr/ig/fhir/pdlgc/StructureDefinition/xdmActorSystem {[]} {[]}","Cet attribut représente l’auteur (humain ou système) ayant contribué au document. Pour les documents d’expression personnelle du patient, cette métadonnée fait référence au patient.","Author","","","","","","","","","",,,,,"",,,,"xdmAuthor.person[x]",1,1,"",""
"xdmAuthorDocumentEntry","xdmAuthorDocumentEntry.role","xdmAuthorDocumentEntry.role","","","",0,*,"","","","CodeableConcept {[]} {[]}
","cette métadonnée représente le rôle joué par l’auteur vis-à-vis du patient lors de la constitution du lot de soumission, c'est-à-dire à quel titre l’auteur est intervenu vis-à-vis du patient (ex : médecin traitant, Responsable de l'admission, Membre de l'équipe de soins, etc.).","**Author Role**","","","","","","","","","",,"preferred","","https://mos.esante.gouv.fr/NOS/JDV_J47-FunctionCode-CISIS/FHIR/JDV-J47-FunctionCode-CISIS|20250523120000","",,,,"xdmAuthor.role",0,*,"",""
"xdmAuthorDocumentEntry","xdmAuthorDocumentEntry.specialty","xdmAuthorDocumentEntry.specialty","","","",0,1,"","","","CodeableConcept {[]} {[]}
","Cet attribut représente la profession éventuellement associée au savoir-faire de l’auteur professionnel caractérisé par sa profession ou la profession associée au genre d’activité pour l’auteur professionnel caractérisé par son rôle.","**AutorSpecialty**","","","","","","","","","",,"preferred","","https://mos.esante.gouv.fr/NOS/JDV_J01-XdsAuthorSpecialty-CISIS/FHIR/JDV-J01-XdsAuthorSpecialty-CISIS|20260730120000","",,,,"xdmAuthor.specialty",0,1,"",""
"xdmAuthorInstitution","xdmAuthorInstitution","xdmAuthorInstitution","","","",0,*,"","","","null {[]} {[]}
","XDM AuthorInstitution","Cet attribut représente la structure de l’auteur. 
Pour les documents d’expression personnelle du patient, cette métadonnée est absente, cela signifie que l’élément XML `<rim:Slot name='authorInstitution'>` n’est pas transmis. ","","","","","","","","","",,,,,"",,,,"Base",0,*,"",""
"xdmAuthorInstitution","xdmAuthorInstitution.xon1","xdmAuthorInstitution.xon1","","","",1,1,"","","","string {[]} {[]}
","Nom de la structure","Nom de la structure","","","","","","","<valueString xmlns=""http://hl7.org/fhir"" value=""Groupe Pitié Salpêtrière""/>","","",,,,,"",,,,"xdmAuthorInstitution.xon1",1,1,"",""
"xdmAuthorInstitution","xdmAuthorInstitution.xon6","xdmAuthorInstitution.xon6","","","",1,1,"","","","Base {[]} {[]}
","Autorité d’affectation","Identifiant de l’organisme gérant l’identifiant de la structure. Cet identifiant, au format HL7 v.2.5 est constitué de trois sous-composants qui prennent les valeurs suivantes.","","","","","","","","","",,,,,"",,,,"xdmAuthorInstitution.xon6",1,1,"",""
"xdmAuthorInstitution","xdmAuthorInstitution.xon6.composant1","xdmAuthorInstitution.xon6.composant1","","","",0,0,"","","","string {[]} {[]}
","Vide, pas de valeur","Vide, pas de valeur","","","","","","","","","",,,,,"",,,,"xdmAuthorInstitution.xon6.composant1",0,0,"",""
"xdmAuthorInstitution","xdmAuthorInstitution.xon6.composant2","xdmAuthorInstitution.xon6.composant2","","","",1,1,"","","","string {[]} {[]}
","Valeur de Universal ID","Valeur de Universal ID","","","","","","","<valueString xmlns=""http://hl7.org/fhir"" value=""1.2.250.1.71.4.2.2""/>","","",,,,,"",,,,"xdmAuthorInstitution.xon6.composant2",1,1,"",""
"xdmAuthorInstitution","xdmAuthorInstitution.xon6.composant3","xdmAuthorInstitution.xon6.composant3","","","",1,1,"","","","string {[]} {[]}
","Valeur de Universal ID type (ID)","Valeur de Universal ID type (ID)","","","","","","","","","",,,,,"",,,,"xdmAuthorInstitution.xon6.composant3",1,1,"",""
"xdmAuthorInstitution","xdmAuthorInstitution.xon7","xdmAuthorInstitution.xon7","","","",1,1,"","","","code {[]} {[]}
","Type d’identifiant","Type d’identifiant","","","","","","","<valueString xmlns=""http://hl7.org/fhir"" value=""IDNST""/>","","",,,,,"",,,,"xdmAuthorInstitution.xon7",1,1,"",""
"xdmAuthorInstitution","xdmAuthorInstitution.xon10","xdmAuthorInstitution.xon10","","","",1,1,"","","","string {[CanonicalType[https://interop.esante.gouv.fr/ig/fhir/pdlgc/StructureDefinition/structIdNat|0.1.0]]} {[]}
","Identifiant de la structure (Struct_IdNat)","Identifiant de la structure (Struct_IdNat)","","","","","","","","","",,,,,"",,,,"xdmAuthorInstitution.xon10",1,1,"",""
"xdmAuthorSubmissionSet","xdmAuthorSubmissionSet","xdmAuthorSubmissionSet","","","",0,*,"","","","null {[]} {[]}
","XDM AuthorSubmissionSet","Modèle logique d'un auteur d'un lot de soumission
Cette métadonnée représente les personnes physiques et/ou les systèmes auteurs d’un lot de soumission. 
Constituée des sous-attributs **authorInstitution**, **authorPerson**, **authorRole** et **authorSpecialty**, elle ne porte pas de valeur par elle-même. ","","","","","","","","","",,,,,"",,,,"Base",0,*,"",""
"xdmAuthorSubmissionSet","xdmAuthorSubmissionSet.institution","xdmAuthorSubmissionSet.institution","","","",0,1,"","","","https://interop.esante.gouv.fr/ig/fhir/pdlgc/StructureDefinition/xdmAuthorInstitution {[]} {[]}
","Cette métadonnée représente la structure émettrice du lot de soumission","Cet attribut représente la structure de l’auteur.","","","","","","","","","",,,,,"",,,,"xdmAuthor.institution",0,1,"",""
"xdmAuthorSubmissionSet","xdmAuthorSubmissionSet.person[x]","xdmAuthorSubmissionSet.person[x]","","","",1,1,"","","","https://interop.esante.gouv.fr/ig/fhir/pdlgc/StructureDefinition/xdmActorPs {[]} {[]}
https://interop.esante.gouv.fr/ig/fhir/pdlgc/StructureDefinition/xdmActorPatient {[]} {[]}https://interop.esante.gouv.fr/ig/fhir/pdlgc/StructureDefinition/xdmActorSystem {[]} {[]}","Cette métadonnée représente la personne physique ou le système émetteur du lot de soumission.Pour les documents d’expression personnelle du patient, cette métadonnée fait référence au patient.","Author","","","","","","","","","",,,,,"",,,,"xdmAuthor.person[x]",1,1,"",""
"xdmAuthorSubmissionSet","xdmAuthorSubmissionSet.role","xdmAuthorSubmissionSet.role","","","",0,*,"","","","CodeableConcept {[]} {[]}
","Cette métadonnée représente le rôle joué par l’auteur vis-à-vis du patient lors de la constitution du lot de soumission, c'est-à-dire à quel titre l’auteur est intervenu vis-à-vis du patient (ex : médecin traitant, Responsable de l'admission, Membre de l'équipe de soins, etc.).","**Author Role**","","","","","","","","","",,"preferred","","https://mos.esante.gouv.fr/NOS/JDV_J47-FunctionCode-CISIS/FHIR/JDV-J47-FunctionCode-CISIS|20250523120000","",,,,"xdmAuthor.role",0,*,"",""
"xdmAuthorSubmissionSet","xdmAuthorSubmissionSet.specialty","xdmAuthorSubmissionSet.specialty","","","",0,1,"","","","CodeableConcept {[]} {[]}
","Cet attribut représente la profession éventuellement associée au savoir-faire de l’auteur professionnel caractérisé par sa profession ou la profession associée au genre d’activité pour l’auteur professionnel caractérisé par son rôle.","**AutorSpecialty**","","","","","","","","","",,"preferred","","https://mos.esante.gouv.fr/NOS/JDV_J01-XdsAuthorSpecialty-CISIS/FHIR/JDV-J01-XdsAuthorSpecialty-CISIS|20260730120000","",,,,"xdmAuthor.specialty",0,1,"",""
"xdmCode","xdmCode","xdmCode","","","",0,*,"","","","null {[]} {[]}
","Code XDM","Type représentant un concept codé, constitué d'un code, de son libellé et de l'OID du système de codage, portés comme attributs XML. Il ne présente pas lui-même de valeur.","","","","","","","","","",,,,,"",,,,"Base",0,*,"",""
"xdmCode","xdmCode.code","xdmCode.code","","","",1,1,"","","","code {[]} {[]}
","Code de la valeur.","Code de la valeur.","","","","","","","","","",,,,,"",,,,"xdmCode.code",1,1,"",""
"xdmCode","xdmCode.displayName","xdmCode.displayName","","","",1,1,"","","","string {[]} {[]}
","Libellé associé au code.","Libellé associé au code.","","","","","","","","","",,,,,"",,,,"xdmCode.displayName",1,1,"",""
"xdmCode","xdmCode.codingScheme","xdmCode.codingScheme","","","",1,1,"","","","oid {[]} {[]}
","OID du système de codage.","OID du système de codage.","","","","","","","","","",,,,,"",,,,"xdmCode.codingScheme",1,1,"",""
"xdmDocumentEntry","xdmDocumentEntry","xdmDocumentEntry","","","",0,*,"","","","null {[]} {[]}
","XDM DocumentEntry","Modèle logique  d’une fiche","","","","","","","","","",,,,,"",,,,"Base",0,*,"",""
"xdmDocumentEntry","xdmDocumentEntry.entryUUID","xdmDocumentEntry.entryUUID","","","",1,1,"","","","uuid {[]} {[]}
","Identifiant unique affecté à la version de la fiche référençant le document.","Les valeurs possibles pour cette métadonnée doivent être un code provenant du jeu de valeurs mis à disposition par le projet. En l’absence de spécifications complémentaires, le jeu de valeurs JDV_J52_AvailabilityStatus_CISIS peut être utilisé.","","","","","","","","","",,,,,"",,,,"xdmDocumentEntry.entryUUID",1,1,"",""
"xdmDocumentEntry","xdmDocumentEntry.logicalId","xdmDocumentEntry.logicalId","","","",1,1,"","","","uuid {[]} {[]}
","Cette métadonnée représente un identifiant invariable pour toutes les versions de la fiche d'un document, à la différence de la métadonnée entryUUID qui a une valeur différente pour chaque version de la fiche","Cette métadonnée représente un identifiant invariable pour toutes les versions de la fiche d'un document, à la différence de la métadonnée entryUUID qui a une valeur différente pour chaque version de la fiche","","","","","","","","","",,,,,"",,,,"xdmDocumentEntry.logicalId",1,1,"",""
"xdmDocumentEntry","xdmDocumentEntry.mimeType","xdmDocumentEntry.mimeType","","","",1,1,"","","","string {[]} {[]}
","Cette métadonnée représente le type de contenu du document, défini par le standard MIME.","Cette métadonnée représente le type de contenu du document, défini par le standard MIME.","","","","","","","","","",,,,,"",,,,"xdmDocumentEntry.mimeType",1,1,"",""
"xdmDocumentEntry","xdmDocumentEntry.availabilityStatus","xdmDocumentEntry.availabilityStatus","","","",1,1,"","","","code {[]} {[]}
","Cette métadonnée représente la pertinence de la version de la fiche d'un document.","**Availability Status**","","","","","","","","","",,"preferred","","https://mos.esante.gouv.fr/NOS/JDV_J52-AvailabilityStatus-CISIS/FHIR/JDV-J52-AvailabilityStatus-CISIS|20200424120000","",,,,"xdmDocumentEntry.availabilityStatus",1,1,"",""
"xdmDocumentEntry","xdmDocumentEntry.hash","xdmDocumentEntry.hash","","","",1,1,"","","","string {[]} {[]}
","Cette métadonnée contient le résultat du hachage du document déposé","Cette métadonnée contient le résultat du hachage du document déposé","","","","","","","","","",,,,,"",,,,"xdmDocumentEntry.hash",1,1,"",""
"xdmDocumentEntry","xdmDocumentEntry.size","xdmDocumentEntry.size","","","",1,1,"","","","integer {[]} {[]}
","Cette métadonnée correspond à la taille du document déposé.","Cette métadonnée correspond à la taille du document déposé.","","","","","","","","","",,,,,"",,,,"xdmDocumentEntry.size",1,1,"",""
"xdmDocumentEntry","xdmDocumentEntry.creationTime","xdmDocumentEntry.creationTime","","","",1,1,"","","","dateTime {[]} {[]}
","Cette métadonnée représente la date et l’heure de la création du document.","Cette métadonnée représente la date et l’heure de la création du document.","","","","","","","","","",,,,,"",,,,"xdmDocumentEntry.creationTime",1,1,"",""
"xdmDocumentEntry","xdmDocumentEntry.languageCode","xdmDocumentEntry.languageCode","","","",1,1,"","","","string {[]} {[]}
","Cette métadonnée représente le code de la langue dans laquelle le document est rédigé.","Pour tous les documents produits système initiateur français : 'fr-FR'","","","","","","","","","",,,,,"",,,,"xdmDocumentEntry.languageCode",1,1,"",""
"xdmDocumentEntry","xdmDocumentEntry.author","xdmDocumentEntry.author","","","",1,*,"","","","https://interop.esante.gouv.fr/ig/fhir/pdlgc/StructureDefinition/xdmAuthorDocumentEntry {[]} {[]}
","Cette métadonnée représente les personnes physiques et/ou les systèmes (dispositifs, automates, services numériques référencés…) auteurs d’un document.","Cette métadonnée représente les personnes physiques et/ou les systèmes (dispositifs, automates, services numériques référencés…) auteurs d’un document.","","","","","","","","","",,,,,"",,,,"xdmDocumentEntry.author",1,*,"",""
"xdmDocumentEntry","xdmDocumentEntry.legalAuthenticator[x]","xdmDocumentEntry.legalAuthenticator[x]","","","",1,1,"","","","https://interop.esante.gouv.fr/ig/fhir/pdlgc/StructureDefinition/xdmActorPs {[]} {[]}
https://interop.esante.gouv.fr/ig/fhir/pdlgc/StructureDefinition/xdmActorPatient {[]} {[]}https://interop.esante.gouv.fr/ig/fhir/pdlgc/StructureDefinition/xdmActorSystem {[]} {[]}","Cette métadonnée représente l'acteur prenant la responsabilité du contenu médical du document","XCN","","","","","","","","","",,,,,"",,,,"xdmDocumentEntry.legalAuthenticator[x]",1,1,"",""
"xdmDocumentEntry","xdmDocumentEntry.repositoryUniqueId","xdmDocumentEntry.repositoryUniqueId","","","",1,1,"","","","oid {[]} {[]}
","Cette métadonnée représente l'identifiant unique global de l'entrepôt de documents dans lequel est stocké le document","Cette métadonnée représente l'identifiant unique global de l'entrepôt de documents dans lequel est stocké le document","","","","","","","","","",,,,,"",,,,"xdmDocumentEntry.repositoryUniqueId",1,1,"",""
"xdmDocumentEntry","xdmDocumentEntry.serviceStartTime","xdmDocumentEntry.serviceStartTime","","","",1,1,"","","","dateTime {[]} {[]}
","Cette métadonnée représente la date de début de l'acte de référence.","Cette métadonnée représente la date de début de l'acte de référence.","","","","","","","","","",,,,,"",,,,"xdmDocumentEntry.serviceStartTime",1,1,"",""
"xdmDocumentEntry","xdmDocumentEntry.serviceStopTime","xdmDocumentEntry.serviceStopTime","","","",0,1,"","","","dateTime {[]} {[]}
","Cette métadonnée correspond à la date de fin de l'acte de référence, si connue.","Cette métadonnée correspond à la date de fin de l'acte de référence, si connue.","","","","","","","","","",,,,,"",,,,"xdmDocumentEntry.serviceStopTime",0,1,"",""
"xdmDocumentEntry","xdmDocumentEntry.sourcePatientID","xdmDocumentEntry.sourcePatientID","","","",1,1,"","","","https://interop.esante.gouv.fr/ig/fhir/pdlgc/StructureDefinition/xdmSourcePatientId {[]} {[]}
","Cette métadonnée contient l'identifiant secondaire du patient dans le système d'information du producteur (IPP) ou l'INS, s'il n'y a pas d'identifiant secondaire.","Cette métadonnée contient l'identifiant secondaire du patient dans le système d'information du producteur (IPP) ou l'INS, s'il n'y a pas d'identifiant secondaire.","","","","","","","","","",,,,,"",,,,"xdmDocumentEntry.sourcePatientID",1,1,"",""
"xdmDocumentEntry","xdmDocumentEntry.sourcePatientInfo","xdmDocumentEntry.sourcePatientInfo","","","",1,1,"","","","https://interop.esante.gouv.fr/ig/fhir/pdlgc/StructureDefinition/xdmSourcePatientInfo {[]} {[]}
","Cette métadonnée contient les traits d'identité du patient concerné par le document, connus par le producteur du document.","Cette métadonnée contient les traits d'identité du patient concerné par le document, connus par le producteur du document.","","","","","","","","","",,,,,"",,,,"xdmDocumentEntry.sourcePatientInfo",1,1,"",""
"xdmDocumentEntry","xdmDocumentEntry.uri","xdmDocumentEntry.uri","","","",1,1,"","","","uri {[]} {[]}
","Cette métadonnée n'est exploitée que par la transaction XDM 'Distribute document set on media ITI-32'","Cette métadonnée n'est exploitée que par la transaction XDM 'Distribute document set on media ITI-32'","","","","","","","","","",,,,,"",,,,"xdmDocumentEntry.uri",1,1,"",""
"xdmDocumentEntry","xdmDocumentEntry.documentAvailability","xdmDocumentEntry.documentAvailability","","","",0,1,"","","","string {[]} {[]}
","Cette métadonnée représente l’accessibilité du document en indiquant si celui-ci est accessible en ligne ou non","Cette métadonnée représente l’accessibilité du document en indiquant si celui-ci est accessible en ligne ou non","","","","","","","","","",,,,,"",,,,"xdmDocumentEntry.documentAvailability",0,1,"",""
"xdmDocumentEntry","xdmDocumentEntry.title","xdmDocumentEntry.title","","","",1,1,"","","","string {[]} {[]}
","Cette métadonnée représente le titre du document.","Cette métadonnée représente le titre du document.","","","","","","","","","",,,,,"",,,,"xdmDocumentEntry.title",1,1,"",""
"xdmDocumentEntry","xdmDocumentEntry.comments","xdmDocumentEntry.comments","","","",0,1,"","","","string {[]} {[]}
","Cette métadonnée contient le commentaire associé au document.","Cette métadonnée contient le commentaire associé au document.","","","","","","","","","",,,,,"",,,,"xdmDocumentEntry.comments",0,1,"",""
"xdmDocumentEntry","xdmDocumentEntry.version","xdmDocumentEntry.version","","","",0,1,"","","","integer {[]} {[]}
","Cette métadonnée représente le numéro de version de la fiche d’un document.  La valeur de la métadonnée version est égale à 1 pour la première version de la fiche.","Cette métadonnée représente le numéro de version de la fiche d’un document.  La valeur de la métadonnée version est égale à 1 pour la première version de la fiche.","","","","","","","","","",,,,,"",,,,"xdmDocumentEntry.version",0,1,"",""
"xdmDocumentEntry","xdmDocumentEntry.patientID","xdmDocumentEntry.patientID","","","",1,1,"","","","https://interop.esante.gouv.fr/ig/fhir/pdlgc/StructureDefinition/xdmPatientId {[]} {[]}
","Cette métadonnée contient l'identifiant du patient tel que connu par les interlocuteurs prenant part à l'échange. Le matricule INS (NIR ou NIA) du patient doit être utilisé en priorité. À défaut de disponibilité de l'INS, un autre identifiant (ex: IPP du système émetteur) peut être utilisé.","Cette métadonnée contient l'identifiant du patient tel que connu par les interlocuteurs prenant part à l'échange. Le matricule INS (NIR ou NIA) du patient doit être utilisé en priorité. À défaut de disponibilité de l'INS, un autre identifiant (ex: IPP du système émetteur) peut être utilisé.","","","","","","","","","",,,,,"",,,,"xdmDocumentEntry.patientID",1,1,"",""
"xdmDocumentEntry","xdmDocumentEntry.uniqueId","xdmDocumentEntry.uniqueId","","","",1,1,"","","","Identifier {[]} {[]}
","Identifiant unique affecté au document par son créateur.","Identifiant unique affecté au document par son créateur.","","","","","","","","","",,,,,"",,,,"xdmDocumentEntry.uniqueId",1,1,"",""
"xdmDocumentEntry","xdmDocumentEntry.class","xdmDocumentEntry.class","","","",1,1,"","","","https://interop.esante.gouv.fr/ig/fhir/pdlgc/StructureDefinition/xdmCode {[]} {[]}
","class représente la classe du document (compte rendu, imagerie médicale, traitement, certificat, etc.).","class représente la classe du document (compte rendu, imagerie médicale, traitement, certificat, etc.).","","","","","","","","","",,"preferred","","https://mos.esante.gouv.fr/NOS/JDV_J06-XdsClassCode-CISIS/FHIR/JDV-J06-XdsClassCode-CISIS|20230922120000","",,,,"xdmDocumentEntry.class",1,1,"",""
"xdmDocumentEntry","xdmDocumentEntry.class.code","xdmDocumentEntry.class.code","","","",1,1,"","","","code {[]} {[]}
","ClassCode de la classe du document.","Les valeurs possibles doivent être un code provenant du jeu de valeurs mis à disposition par le projet (exemple : JDV_J57_ClassCode_DMP). En l'absence de spécifications complémentaires, le JDV_J06_XdsClassCode_CISIS peut être utilisé.","","","","","","","","","",,,,,"",,,,"xdmCode.code",1,1,"",""
"xdmDocumentEntry","xdmDocumentEntry.class.displayName","xdmDocumentEntry.class.displayName","","","",1,1,"","","","string {[]} {[]}
","Libellé associé au classCode.","Libellé associé au code.","","","","","","","","","",,,,,"",,,,"xdmCode.displayName",1,1,"",""
"xdmDocumentEntry","xdmDocumentEntry.class.codingScheme","xdmDocumentEntry.class.codingScheme","","","",1,1,"","","","oid {[]} {[]}
","OID du système de codage associé au code classCode.","OID du système de codage.","","","","","","","","","",,,,,"",,,,"xdmCode.codingScheme",1,1,"",""
"xdmDocumentEntry","xdmDocumentEntry.confidentiality","xdmDocumentEntry.confidentiality","","","",1,4,"","","","https://interop.esante.gouv.fr/ig/fhir/pdlgc/StructureDefinition/xdmCode {[]} {[]}
","Métadonnée contenant les informations définissant le niveau de confidentialité d'un document déposé dans l'entrepôt. Dans le cadre de la mise en œuvre du masquage et de la non-visibilité, ces métadonnées sont utilisées pour rendre inaccessible un document à l'utilisateur.","Métadonnée contenant les informations définissant le niveau de confidentialité d'un document déposé dans l'entrepôt. Dans le cadre de la mise en œuvre du masquage et de la non-visibilité, ces métadonnées sont utilisées pour rendre inaccessible un document à l'utilisateur.","","","","","","","","","",,"preferred","","https://mos.esante.gouv.fr/NOS/JDV_J58-ConfidentialityCode-DMP/FHIR/JDV-J58-ConfidentialityCode-DMP|20200424120000","",,,,"xdmDocumentEntry.confidentiality",1,4,"",""
"xdmDocumentEntry","xdmDocumentEntry.eventCodeList","xdmDocumentEntry.eventCodeList","","","",0,*,"","","","https://interop.esante.gouv.fr/ig/fhir/pdlgc/StructureDefinition/xdmCode {[]} {[]}
","Cette métadonnée contient les codes, libellés et codes système représentant :  -un évènement documenté (acte, traitement, diagnostic, etc…), -une modalité d'acquisition (contexte imagerie), -une région anatomique (contexte imagerie).","Cette métadonnée contient les codes, libellés et codes système représentant :  -un évènement documenté (acte, traitement, diagnostic, etc…), -une modalité d'acquisition (contexte imagerie), -une région anatomique (contexte imagerie).","","","","","","","","","",,,,,"",,,,"xdmDocumentEntry.eventCodeList",0,*,"",""
"xdmDocumentEntry","xdmDocumentEntry.format","xdmDocumentEntry.format","","","",1,1,"","","","https://interop.esante.gouv.fr/ig/fhir/pdlgc/StructureDefinition/xdmCode {[]} {[]}
","Métadonnée contenant les informations définissant le format du document. Il précise les spécifications techniques auxquelles il est conforme","Métadonnée contenant les informations définissant le format du document. Il précise les spécifications techniques auxquelles il est conforme","","","","","","","","","",,"preferred","","https://mos.esante.gouv.fr/NOS/JDV_J10-XdsFormatCode-CISIS/FHIR/JDV-J10-XdsFormatCode-CISIS|20260629120000","",,,,"xdmDocumentEntry.format",1,1,"",""
"xdmDocumentEntry","xdmDocumentEntry.format.code","xdmDocumentEntry.format.code","","","",1,1,"","","","code {[]} {[]}
","code identifiant le format du document et les spécifications auxquelles il est conforme. Fixé à urn:asipSante:modelesHorsProfils:2011 (Document non référencé IHE ou CI-SIS) pour les documents au format propriétaire.","Code de la valeur.","","","","","","","","","",,,,,"",,,,"xdmCode.code",1,1,"",""
"xdmDocumentEntry","xdmDocumentEntry.format.displayName","xdmDocumentEntry.format.displayName","","","",1,1,"","","","string {[]} {[]}
","Libellé associé au code.","Libellé associé au code.","","","","","","","","","",,,,,"",,,,"xdmCode.displayName",1,1,"",""
"xdmDocumentEntry","xdmDocumentEntry.format.codingScheme","xdmDocumentEntry.format.codingScheme","","","",1,1,"","","","oid {[]} {[]}
","OID du système de codage.","OID du système de codage.","","","","","","","","","",,,,,"",,,,"xdmCode.codingScheme",1,1,"",""
"xdmDocumentEntry","xdmDocumentEntry.healthcareFacilityTypeCode","xdmDocumentEntry.healthcareFacilityTypeCode","","","",1,1,"","","","https://interop.esante.gouv.fr/ig/fhir/pdlgc/StructureDefinition/xdmCode {[]} {[]}
","Secteur d'activité lié à la prise en charge de la personne, en lien avec le document produit.","Healthcare Facility Type Code**","","","","","","","","","",,"preferred","","https://mos.esante.gouv.fr/NOS/JDV_J02-XdsHealthcareFacilityTypeCode-CISIS/FHIR/JDV-J02-XdsHealthcareFacilityTypeCode-CISIS|20260223120000","",,,,"xdmDocumentEntry.healthcareFacilityTypeCode",1,1,"",""
"xdmDocumentEntry","xdmDocumentEntry.practiceSetting","xdmDocumentEntry.practiceSetting","","","",1,1,"","","","https://interop.esante.gouv.fr/ig/fhir/pdlgc/StructureDefinition/xdmCode {[]} {[]}
","Contexte de l’acte qui a engendré la création du document.","Contexte de l’acte qui a engendré la création du document.","","","","","","","","","",,"preferred","","https://mos.esante.gouv.fr/NOS/JDV_J04-XdsPracticeSettingCode-CISIS/FHIR/JDV-J04-XdsPracticeSettingCode-CISIS|20240927120000","",,,,"xdmDocumentEntry.practiceSetting",1,1,"",""
"xdmDocumentEntry","xdmDocumentEntry.type","xdmDocumentEntry.type","","","",1,1,"","","","https://interop.esante.gouv.fr/ig/fhir/pdlgc/StructureDefinition/xdmCode {[]} {[]}
","Métadonnée représentant le type du document.","**Type Code**","","","","","","","","","",,"preferred","","https://mos.esante.gouv.fr/NOS/JDV_J07-XdsTypeCode-CISIS/FHIR/JDV-J07-XdsTypeCode-CISIS|20260629120000","",,,,"xdmDocumentEntry.type",1,1,"",""
"xdmDocumentEntry","xdmDocumentEntry.referenceIdList","xdmDocumentEntry.referenceIdList","","","",0,*,"","","","https://interop.esante.gouv.fr/ig/fhir/pdlgc/StructureDefinition/xdmreferenceId {[]} {[]}
","Cette métadonnée contient une liste d'un ou plusieurs identifiant(s) d'objet(s) associé(s) au document. Liste d'éléments de type CX du standard HL7 v2.5.","Cette métadonnée contient une liste d'un ou plusieurs identifiant(s) d'objet(s) associé(s) au document. Liste d'éléments de type CX du standard HL7 v2.5.","","","","","","","","","",,,,,"",,,,"xdmDocumentEntry.referenceIdList",0,*,"",""
"xdmPatientId","xdmPatientId","xdmPatientId","","","",0,*,"","","","null {[]} {[]}
","XDM PatientId","Modèle logique de patientID.
Cette métadonnée contient l'identifiant du patient tel que connu par les interlocuteurs prenant part à l'échange. Le matricule INS (NIR ou NIA) du patient doit être utilisé en priorité. À défaut de disponibilité de l'INS, un autre identifiant (ex: IPP du système émetteur) peut être utilisé. ","","","","","","","","","",,,,,"",,,,"Base",0,*,"",""
"xdmPatientId","xdmPatientId.cx1","xdmPatientId.cx1","","","",1,1,"","","","string {[CanonicalType[https://interop.esante.gouv.fr/ig/fhir/pdlgc/StructureDefinition/patId|0.1.0]]} {[]}
","Identifiant du patient. L'INS du patient tel que défini dans le cadre juridique, est à utiliser prioritairement. À défaut, un autre identifiant (ex : IPP du système émetteur) peut être utilisé.","Identifiant du patient. L'INS du patient tel que défini dans le cadre juridique, est à utiliser prioritairement. À défaut, un autre identifiant (ex : IPP du système émetteur) peut être utilisé.","","","","","","","","","",,,,,"",,,,"xdmPatientId.cx1",1,1,"",""
"xdmPatientId","xdmPatientId.cx4","xdmPatientId.cx4","","","",1,1,"","","","string {[]} {[]}
","Identifiant de l’autorité d’affectation de l'identifiant utilisé.","Cet identifiant, au format HL7 v.2.5 est constitué de trois sous-composants qui prennent les valeurs suivantes en fonction du type d'identifiant.
INS : Valeur de Namespace ID (IS) = Vide, pas de valeur | Valeur de Universal ID (ST) = OID de l’autorité d’affectation de l’INS utilisé, prise dans la liste des OID des autorités d'affectation des INS | Valeur de Universal ID type (ID) = ISO
Autre identifiant : Valeur de Namespace ID (IS) = Vide, pas de valeur | Valeur de Universal ID (ST) = OID de l’autorité d’affectation dl'identifiant (i.e. l'instituion qui a attribué cet identifiant) | Valeur de Universal ID type (ID) = ISO","","","","","","","","","",,,,,"",,,,"xdmPatientId.cx4",1,1,"",""
"xdmPatientId","xdmPatientId.cx5","xdmPatientId.cx5","","","",1,1,"","","","string {[]} {[]}
","'NH' pour les patients identifiés par leur INS, 'PI' pour les patients identifiés par d'autres identifiants","'NH' pour les patients identifiés par leur INS, 'PI' pour les patients identifiés par d'autres identifiants","","","","","","","","","",,,,,"",,,,"xdmPatientId.cx5",1,1,"",""
"xdmSourcePatientId","xdmSourcePatientId","xdmSourcePatientId","","","",0,*,"","","","null {[]} {[]}
","XDM SourcePatientId","Cette métadonnée contient l’identifiant secondaire du patient dans le système d’information du producteur (IPP) ou l’INS, s’il n’y a pas d’identifiant secondaire. Pour les documents d’expression personnelle du patient, cette métadonnée contient l’INS du patient, à savoir le même identifiant que patientId. 

Cette métadonnée reprend la structure du segment CX  défini par  HL7v2  et  conformément aux spécifications  : 
- [Prise en Charge de l'INS dans les volets du CI-SIS ](https://esante.gouv.fr/annexe-prise-en-charge-de-lins-dans-les-volets-du-ci-sis)
- [Volet Partage de Documents de Santé](https://esante.gouv.fr/volet-partage-de-documents-de-sante)

","","","","","","","","","",,,,,"",,,,"Base",0,*,"",""
"xdmSourcePatientId","xdmSourcePatientId.cx1","xdmSourcePatientId.cx1","","","",1,1,"","","","string {[]} {[]}
","Identifiant secondaire du patient, en l’occurrence. Equivalent à PatientId s'il n'y a pas d'identifiant secondaire.","Identifiant secondaire du patient, en l’occurrence. Equivalent à PatientId s'il n'y a pas d'identifiant secondaire.","","","","","","","","","",,,,,"",,,,"xdmSourcePatientId.cx1",1,1,"",""
"xdmSourcePatientId","xdmSourcePatientId.cx4","xdmSourcePatientId.cx4","","","",1,1,"","","","string {[]} {[]}
","Identifiant de l’autorité d’affectation de l'identifiant utilisé.","Cet identifiant, au format HL7 v.2.5 est constitué de trois sous-composants qui prennent les valeurs suivantes en fonction du type d'identifiant.
INS : Valeur de Namespace ID (IS) = Vide, pas de valeur | Valeur de Universal ID (ST) = OID de l’autorité d’affectation de l’INS utilisé, prise dans la liste des OID des autorités d'affectation des INS | Valeur de Universal ID type (ID) = ISO
Autre identifiant : Valeur de Namespace ID (IS) = Vide, pas de valeur | Valeur de Universal ID (ST) = OID de l’autorité d’affectation dl'identifiant (i.e. l'instituion qui a attribué cet identifiant) | Valeur de Universal ID type (ID) = ISO","","","","","","","","","",,,,,"",,,,"xdmSourcePatientId.cx4",1,1,"",""
"xdmSourcePatientId","xdmSourcePatientId.cx5","xdmSourcePatientId.cx5","","","",1,1,"","","","string {[]} {[]}
","'NH' pour les patients identifiés par leur INS, 'PI' pour les patients identifiés par d'autres identifiants.","'NH' pour les patients identifiés par leur INS, 'PI' pour les patients identifiés par d'autres identifiants.","","","","","","","","","",,,,,"",,,,"xdmSourcePatientId.cx5",1,1,"",""
"xdmSourcePatientInfo","xdmSourcePatientInfo","xdmSourcePatientInfo","","","",0,*,"","","","null {[]} {[]}
","XDM SourcePatientInfo","Cette métadonnée contient les traits d’identité du patient concerné par le document, connus par le producteur du document. Les informations présentes dans la métadonnée sourcePatientInfo ne doivent en aucun cas être réutilisées pour calculer un identifiant, ni être mises à jour après la soumission du document.

Cette métadonnée reprend la structure du segment PID (Patient Identification) défini par  HL7v2 et l'extension du profil IHE PAM, conformément aux spécifications  : 
- [Extension française du profil IHE PAM](https://www.interopsante.org/publications)
- [Prise en Charge de l'INS dans les volets du CI-SIS ](https://esante.gouv.fr/annexe-prise-en-charge-de-lins-dans-les-volets-du-ci-sis)","","","","","","","","","",,,,,"",,,,"Base",0,*,"",""
"xdmSourcePatientInfo","xdmSourcePatientInfo.pid3","xdmSourcePatientInfo.pid3","","","",0,1,"","","","Identifier {[]} {[]}
","Liste des identifiants du patient.","Liste des identifiants du patient.","","","","","","","","","",,,,,"",,,,"xdmSourcePatientInfo.pid3",0,1,"",""
"xdmSourcePatientInfo","xdmSourcePatientInfo.pid5","xdmSourcePatientInfo.pid5","","","",1,*,"","","","string {[]} {[]}
","Nom et prénoms du patient.","Nom et prénoms du patient.","","","","","","","","","",,,,,"",,,,"xdmSourcePatientInfo.pid5",1,*,"",""
"xdmSourcePatientInfo","xdmSourcePatientInfo.pid7","xdmSourcePatientInfo.pid7","","","",0,1,"","","","string {[]} {[]}
","Date/heure de naissance du patient. Obligatoire si l'INS est qualifié.","Date/heure de naissance du patient. Obligatoire si l'INS est qualifié.","","","","","","","","","",,,,,"",,,,"xdmSourcePatientInfo.pid7",0,1,"",""
"xdmSourcePatientInfo","xdmSourcePatientInfo.pid8","xdmSourcePatientInfo.pid8","","","",0,1,"","","","string {[]} {[]}
","Sexe du patient. Obligatoire si l'INS est qualifié.","Sexe du patient. Obligatoire si l'INS est qualifié.","","","","","","","","","",,,,,"",,,,"xdmSourcePatientInfo.pid8",0,1,"",""
"xdmSourcePatientInfo","xdmSourcePatientInfo.pid11","xdmSourcePatientInfo.pid11","","","",0,1,"","","","string {[]} {[]}
","Adresse du patient","Adresse du patient","","","","","","","","","",,,,,"",,,,"xdmSourcePatientInfo.pid11",0,1,"",""
"xdmSourcePatientInfo","xdmSourcePatientInfo.pid13","xdmSourcePatientInfo.pid13","","","",0,1,"","","","string {[]} {[]}
","Téléphone de la résidence du patient","Téléphone de la résidence du patient","","","","","","","","","",,,,,"",,,,"xdmSourcePatientInfo.pid13",0,1,"",""
"xdmSourcePatientInfo","xdmSourcePatientInfo.pid14","xdmSourcePatientInfo.pid14","","","",0,1,"","","","string {[]} {[]}
","Téléphone professionnel du patient","Téléphone professionnel du patient","","","","","","","","","",,,,,"",,,,"xdmSourcePatientInfo.pid14",0,1,"",""
"xdmSourcePatientInfo","xdmSourcePatientInfo.pid15","xdmSourcePatientInfo.pid15","","","",0,1,"","","","string {[]} {[]}
","Langue du patient","Langue du patient","","","","","","","","","",,,,,"",,,,"xdmSourcePatientInfo.pid15",0,1,"",""
"xdmSourcePatientInfo","xdmSourcePatientInfo.pid16","xdmSourcePatientInfo.pid16","","","",0,1,"","","","string {[]} {[]}
","Statut marital du patient","Statut marital du patient","","","","","","","","","",,,,,"",,,,"xdmSourcePatientInfo.pid16",0,1,"",""
"xdmSourcePatientInfo","xdmSourcePatientInfo.pid18","xdmSourcePatientInfo.pid18","","","",0,1,"","","","string {[]} {[]}
","Numéro de compte du patient","Numéro de compte du patient","","","","","","","","","",,,,,"",,,,"xdmSourcePatientInfo.pid18",0,1,"",""
"xdmSourcePatientInfo","xdmSourcePatientInfo.pid21","xdmSourcePatientInfo.pid21","","","",0,1,"","","","string {[]} {[]}
","Identifiant de la mère du patient","Identifiant de la mère du patient","","","","","","","","","",,,,,"",,,,"xdmSourcePatientInfo.pid21",0,1,"",""
"xdmSourcePatientInfo","xdmSourcePatientInfo.pid23","xdmSourcePatientInfo.pid23","","","",0,1,"","","","string {[]} {[]}
","Lieu de naissance du patient. Obligatoire si l'INS est qualifié.","Lieu de naissance du patient. Obligatoire si l'INS est qualifié.","","","","","","","","","",,,,,"",,,,"xdmSourcePatientInfo.pid23",0,1,"",""
"xdmSourcePatientInfo","xdmSourcePatientInfo.pid24","xdmSourcePatientInfo.pid24","","","",0,1,"","","","code {[]} {[]}
","Indicateur de naissance multiple.","Indicateur de naissance multiple.","","","","","","","","","",,,,,"",,,,"xdmSourcePatientInfo.pid24",0,1,"",""
"xdmSourcePatientInfo","xdmSourcePatientInfo.pid25","xdmSourcePatientInfo.pid25","","","",0,1,"","","","integer {[]} {[]}
","Ordre de naissance du patient.","Ordre de naissance du patient.","","","","","","","","","",,,,,"",,,,"xdmSourcePatientInfo.pid25",0,1,"",""
"xdmSourcePatientInfo","xdmSourcePatientInfo.pid29","xdmSourcePatientInfo.pid29","","","",0,1,"","","","dateTime {[]} {[]}
","Date et heure de décès du patient.","Date et heure de décès du patient.","","","","","","","","","",,,,,"",,,,"xdmSourcePatientInfo.pid29",0,1,"",""
"xdmSourcePatientInfo","xdmSourcePatientInfo.pid30","xdmSourcePatientInfo.pid30","","","",0,1,"","","","code {[]} {[]}
","Indicateur de décès du patient.","Indicateur de décès du patient.","","","","","","","","","",,,,,"",,,,"xdmSourcePatientInfo.pid30",0,1,"",""
"xdmSubmissionSet","xdmSubmissionSet","xdmSubmissionSet","","","",0,*,"","","","null {[]} {[]}
","XDM SubmissionSet","Modèle logique d'un lot de soummission (SubmissionSet).","","","","","","","","","",,,,,"",,,,"Base",0,*,"",""
"xdmSubmissionSet","xdmSubmissionSet.entryUUID","xdmSubmissionSet.entryUUID","","","",1,1,"","","","uuid {[]} {[]}
","Identifiant unique du lot de soumission. Cet attribut est destiné à des fins de gestion interne alors que uniqueId est utilisé à des fins de référence externe.","Identifiant unique du lot de soumission. Cet attribut est destiné à des fins de gestion interne alors que uniqueId est utilisé à des fins de référence externe.","","","","","","","","","",,,,,"",,,,"xdmSubmissionSet.entryUUID",1,1,"",""
"xdmSubmissionSet","xdmSubmissionSet.availabilityStatus","xdmSubmissionSet.availabilityStatus","","","",1,1,"","","","code {[]} {[]}
","Cette métadonnée représente la pertinence d'un lot de soumission.","Cette métadonnée représente la pertinence d'un lot de soumission.","","","","","","","<valueString xmlns=""http://hl7.org/fhir"" value=""urn:oasis:names:tc:ebxml-regrep:StatusType:Approved""/>","","",,"required","","https://mos.esante.gouv.fr/NOS/JDV_J52-AvailabilityStatus-CISIS/FHIR/JDV-J52-AvailabilityStatus-CISIS|20200424120000","",,,,"xdmSubmissionSet.availabilityStatus",1,1,"",""
"xdmSubmissionSet","xdmSubmissionSet.submissionTime","xdmSubmissionSet.submissionTime","","","",1,1,"","","","dateTime {[]} {[]}
","Représente la date et heure de soumission.","Représente la date et heure de soumission.","","","","","","","","","",,,,,"",,,,"xdmSubmissionSet.submissionTime",1,1,"",""
"xdmSubmissionSet","xdmSubmissionSet.title","xdmSubmissionSet.title","","","",0,1,"","","","string {[]} {[]}
","Titre du lot de soumission","Titre du lot de soumission","","","","","","","","","",,,,,"",,,,"xdmSubmissionSet.title",0,1,"",""
"xdmSubmissionSet","xdmSubmissionSet.comments","xdmSubmissionSet.comments","","","",0,1,"","","","string {[]} {[]}
","Cette métadonnée contient le commentaire associé au lot de soumission.","Cette métadonnée contient le commentaire associé au lot de soumission.","","","","","","","","","",,,,,"",,,,"xdmSubmissionSet.comments",0,1,"",""
"xdmSubmissionSet","xdmSubmissionSet.patientID","xdmSubmissionSet.patientID","","","",1,1,"","","","https://interop.esante.gouv.fr/ig/fhir/pdlgc/StructureDefinition/xdmPatientId {[]} {[]}
","Cette métadonnée contient l'identifiant du patient tel que connu par les interlocuteurs prenant part à l'échange. Le matricule INS (NIR ou NIA) du patient doit être utilisé en priorité. À défaut de disponibilité de l'INS, un autre identifiant (ex: IPP du système émetteur) peut être utilisé.","Cette métadonnée contient l'identifiant du patient tel que connu par les interlocuteurs prenant part à l'échange. Le matricule INS (NIR ou NIA) du patient doit être utilisé en priorité. À défaut de disponibilité de l'INS, un autre identifiant (ex: IPP du système émetteur) peut être utilisé.","","","","","","","","","",,,,,"",,,,"xdmSubmissionSet.patientID",1,1,"",""
"xdmSubmissionSet","xdmSubmissionSet.sourceID","xdmSubmissionSet.sourceID","","","",1,1,"","","","oid {[]} {[]}
","Cette métadonnée représente l’identifiant unique global du système émetteur du lot de soumission","Cette métadonnée représente l’identifiant unique global du système émetteur du lot de soumission","","","","","","","","","",,,,,"",,,,"xdmSubmissionSet.sourceID",1,1,"",""
"xdmSubmissionSet","xdmSubmissionSet.uniqueID","xdmSubmissionSet.uniqueID","","","",1,1,"","","","oid {[]} {[]}
","Identifiant unique global affecté à ce lot de soumission par son créateur. Cet attribut est utilisé à des fins de référence externe alors que entryUUID est destiné à des fins de gestion interne.","Identifiant unique global affecté à ce lot de soumission par son créateur. Cet attribut est utilisé à des fins de référence externe alors que entryUUID est destiné à des fins de gestion interne.","","","","","","","","","",,,,,"",,,,"xdmSubmissionSet.uniqueID",1,1,"",""
"xdmSubmissionSet","xdmSubmissionSet.contentType","xdmSubmissionSet.contentType","","","",1,1,"","","","https://interop.esante.gouv.fr/ig/fhir/pdlgc/StructureDefinition/xdmCode {[]} {[]}
","Ensemble de métadonnées représentant le type d’activité associé à l’événement clinique ayant abouti à la constitution du lot de soumission.","Ensemble de métadonnées représentant le type d’activité associé à l’événement clinique ayant abouti à la constitution du lot de soumission.","","","","","","","","","",,"preferred","","https://mos.esante.gouv.fr/NOS/JDV_J03-XdsContentTypeCode-CISIS/FHIR/JDV-J03-XdsContentTypeCode-CISIS|20260223120000","",,,,"xdmSubmissionSet.contentType",1,1,"",""
"xdmSubmissionSet","xdmSubmissionSet.contentType.code","xdmSubmissionSet.contentType.code","","","",1,1,"","","","code {[]} {[]}
","contentTypeCode correspondant au type d’activité associé à l’événement ayant abouti à la 
constitution du lot de soumission.","Les valeurs possibles doivent être un code provenant du jeu de valeurs mis à disposition par le projet (exemple : JDV_J59_ContentTypeCode_DMP).
  En l’absence de spécifications complémentaires, le jeu de valeurs JDV_J03_XdsContentTypeCode_CISIS peut être utilisé. ","","","","","","","","","",,,,,"",,,,"xdmCode.code",1,1,"",""
"xdmSubmissionSet","xdmSubmissionSet.contentType.displayName","xdmSubmissionSet.contentType.displayName","","","",1,1,"","","","string {[]} {[]}
","Libellé associé au contentTypeCode.","Libellé associé au code.","","","","","","","","","",,,,,"",,,,"xdmCode.displayName",1,1,"",""
"xdmSubmissionSet","xdmSubmissionSet.contentType.codingScheme","xdmSubmissionSet.contentType.codingScheme","","","",1,1,"","","","oid {[]} {[]}
","OID du système de codage associé au code contentTypeCode.","OID du système de codage.","","","","","","","","","",,,,,"",,,,"xdmCode.codingScheme",1,1,"",""
"xdmSubmissionSet","xdmSubmissionSet.author","xdmSubmissionSet.author","","","",1,1,"","","","https://interop.esante.gouv.fr/ig/fhir/pdlgc/StructureDefinition/xdmAuthorSubmissionSet {[]} {[]}
","Représente la personne physique ou morale et/ou le dispositif auteur d’un lot de soumission","Représente la personne physique ou morale et/ou le dispositif auteur d’un lot de soumission","","","","","","","","","",,,,,"",,,,"xdmSubmissionSet.author",1,1,"",""
"xdmreferenceId","xdmreferenceId","xdmreferenceId","","","",0,*,"","","","null {[]} {[]}
","XDM referenceIdList","Modèle logique de referenceIdList.
Cette métadonnée contient une liste d'un ou plusieurs identifiant(s) d'objet(s) associé(s) au document.Liste d'éléments de type CX du standard HL7 v2.5.","","","","","","","","","",,,,,"",,,,"Base",0,*,"",""
"xdmreferenceId","xdmreferenceId.cx1","xdmreferenceId.cx1","","","",1,1,"","","","string {[]} {[]}
","Identifiant de l'objet référencé","Identifiant de l'objet référencé","","","","","","","","","",,,,,"",,,,"xdmreferenceId.cx1",1,1,"",""
"xdmreferenceId","xdmreferenceId.cx4","xdmreferenceId.cx4","","","",1,1,"","","","string {[]} {[]}
","Identifiant de l’organisme ayant attribué l’identifiant de l'objet référencé","Cet identifiant, au format HL7 v.2.5 est constitué de trois sous-composants qui prennent les valeurs suivantes.
Valeur de Namespace ID (IS) = Vide, pas de valeur | Valeur de Universal ID (ST) =  OID de l'organisme ayant attribué l’identifiant | Valeur de Universal ID type (ID) = ISO","","","","","","","","","",,,,,"",,,,"xdmreferenceId.cx4",1,1,"",""
"xdmreferenceId","xdmreferenceId.cx5","xdmreferenceId.cx5","","","",1,1,"","","","code {[]} {[]}
","Type d’identifiant","Type d’identifiant","","","","","","","","","",,"preferred","","https://mos.esante.gouv.fr/NOS/JDV_J197-XdsTypesIdentifiantsReferenceId-CISIS/FHIR/JDV-J197-XdsTypesIdentifiantsReferenceId-CISIS|20220624120000","",,,,"xdmreferenceId.cx5",1,1,"",""
