"Id","Path","Slice Name","Alias(s)","Label","Min","Max","Must Support?","Is Modifier?","Is Summary?","Type(s)","Short","Definition","Comments","Requirements","Default Value","Meaning When Missing","Fixed Value","Pattern","Example","Minimum Value","Maximum Value","Maximum Length","Binding Strength","Binding Description","Binding Value Set","Code","Slicing Discriminator","Slicing Description","Slicing Ordered","Slicing Rules","Base Path","Base Min","Base Max","Condition(s)","Constraint(s)"
"pdlgc-signature","pdlgc-signature","","","",0,*,"","","","null {[]} {[]}
","PDLGC Signature","signature XAdES de l'archive attestant de l'imputabilité et l'intégrité des données","","","","","","","","","",,,,,"",,,,"Base",0,*,"",""
"pdlgc-signature.SignedInfo","pdlgc-signature.SignedInfo","","","",1,1,"","","","BackboneElement {[]} {[]}
","Informations couvertes par la signature","Informations couvertes par la signature","","","","","","","","","",,,,,"",,,,"pdlgc-signature.SignedInfo",1,1,"","ele-1:All FHIR elements must have a @value or children {hasValue() or (children().count() > id.count())}
"
"pdlgc-signature.SignedInfo.id","pdlgc-signature.SignedInfo.id","","","",0,1,"","","","string {[]} {[]}
","Unique id for inter-element referencing","Unique id for the element within a resource (for internal references). This may be any string value that does not contain spaces.","","","","","","","","","",,,,,"",,,,"Element.id",0,1,"",""
"pdlgc-signature.SignedInfo.extension","pdlgc-signature.SignedInfo.extension","","extensions
user content","",0,*,"","","","Extension {[]} {[]}
","Additional content defined by implementations","May be used to represent additional information that is not part of the basic definition of the element. To make the use of extensions safe and manageable, there is a strict set of governance  applied to the definition and use of extensions. Though any implementer can define an extension, there is a set of requirements that SHALL be met as part of the definition of the extension.","There can be no stigma associated with the use of extensions by any application, project, or standard - regardless of the institution or jurisdiction that uses or defines the extensions.  The use of extensions is what allows the FHIR specification to retain a core level of simplicity for everyone.","","","","","","","","",,,,,"","value:url}
","Extensions are always sliced by (at least) url",,"open","Element.extension",0,*,"","ele-1:All FHIR elements must have a @value or children {hasValue() or (children().count() > id.count())}
ext-1:Must have either extensions or value[x], not both {extension.exists() != value.exists()}"
"pdlgc-signature.SignedInfo.modifierExtension","pdlgc-signature.SignedInfo.modifierExtension","","extensions
user contentmodifiers","",0,*,"","Y","Y","Extension {[]} {[]}
","Extensions that cannot be ignored even if unrecognized","May be used to represent additional information that is not part of the basic definition of the element and that modifies the understanding of the element in which it is contained and/or the understanding of the containing element's descendants. Usually modifier elements provide negation or qualification. To make the use of extensions safe and manageable, there is a strict set of governance applied to the definition and use of extensions. Though any implementer can define an extension, there is a set of requirements that SHALL be met as part of the definition of the extension. Applications processing a resource are required to check for modifier extensions.

Modifier extensions SHALL NOT change the meaning of any elements on Resource or DomainResource (including cannot change the meaning of modifierExtension itself).","There can be no stigma associated with the use of extensions by any application, project, or standard - regardless of the institution or jurisdiction that uses or defines the extensions.  The use of extensions is what allows the FHIR specification to retain a core level of simplicity for everyone.","Modifier extensions allow for extensions that *cannot* be safely ignored to be clearly distinguished from the vast majority of extensions which can be safely ignored.  This promotes interoperability by eliminating the need for implementers to prohibit the presence of extensions. For further information, see the [definition of modifier extensions](http://hl7.org/fhir/R4/extensibility.html#modifierExtension).","","","","","","","",,,,,"",,,,"BackboneElement.modifierExtension",0,*,"","ele-1:All FHIR elements must have a @value or children {hasValue() or (children().count() > id.count())}
ext-1:Must have either extensions or value[x], not both {extension.exists() != value.exists()}"
"pdlgc-signature.SignedInfo.CanonicalizationMethod","pdlgc-signature.SignedInfo.CanonicalizationMethod","","","",1,1,"","","","uri {[]} {[]}
","Algorithme de canonicalisation XML. Valeur recommandée : http://www.w3.org/2001/10/xml-exc-c14n#.","Algorithme de canonicalisation XML. Valeur recommandée : http://www.w3.org/2001/10/xml-exc-c14n#.","","","","","","","","","",,,,,"",,,,"pdlgc-signature.SignedInfo.CanonicalizationMethod",1,1,"",""
"pdlgc-signature.SignedInfo.SignatureMethod","pdlgc-signature.SignedInfo.SignatureMethod","","","",1,1,"","","","uri {[]} {[]}
","Algorithme cryptographique utilisé pour signer. Valeur recommandée : http://www.w3.org/2001/04/xmldsig-more#rsa-sha256.","Algorithme cryptographique utilisé pour signer. Valeur recommandée : http://www.w3.org/2001/04/xmldsig-more#rsa-sha256.","","","","","","","","","",,,,,"",,,,"pdlgc-signature.SignedInfo.SignatureMethod",1,1,"",""
"pdlgc-signature.SignedInfo.References","pdlgc-signature.SignedInfo.References","","","",2,2,"","","","BackboneElement {[]} {[]}
","Références couvertes par la signature. La première référence pointe vers le Manifest (#Manifest). La seconde référence pointe vers les SignedProperties XAdES (#signedProperties).","Références couvertes par la signature. La première référence pointe vers le Manifest (#Manifest). La seconde référence pointe vers les SignedProperties XAdES (#signedProperties).","","","","","","","","","",,,,,"",,,,"pdlgc-signature.SignedInfo.References",2,2,"","ele-1:All FHIR elements must have a @value or children {hasValue() or (children().count() > id.count())}
"
"pdlgc-signature.SignedInfo.References.id","pdlgc-signature.SignedInfo.References.id","","","",0,1,"","","","string {[]} {[]}
","Unique id for inter-element referencing","Unique id for the element within a resource (for internal references). This may be any string value that does not contain spaces.","","","","","","","","","",,,,,"",,,,"Element.id",0,1,"",""
"pdlgc-signature.SignedInfo.References.extension","pdlgc-signature.SignedInfo.References.extension","","extensions
user content","",0,*,"","","","Extension {[]} {[]}
","Additional content defined by implementations","May be used to represent additional information that is not part of the basic definition of the element. To make the use of extensions safe and manageable, there is a strict set of governance  applied to the definition and use of extensions. Though any implementer can define an extension, there is a set of requirements that SHALL be met as part of the definition of the extension.","There can be no stigma associated with the use of extensions by any application, project, or standard - regardless of the institution or jurisdiction that uses or defines the extensions.  The use of extensions is what allows the FHIR specification to retain a core level of simplicity for everyone.","","","","","","","","",,,,,"","value:url}
","Extensions are always sliced by (at least) url",,"open","Element.extension",0,*,"","ele-1:All FHIR elements must have a @value or children {hasValue() or (children().count() > id.count())}
ext-1:Must have either extensions or value[x], not both {extension.exists() != value.exists()}"
"pdlgc-signature.SignedInfo.References.modifierExtension","pdlgc-signature.SignedInfo.References.modifierExtension","","extensions
user contentmodifiers","",0,*,"","Y","Y","Extension {[]} {[]}
","Extensions that cannot be ignored even if unrecognized","May be used to represent additional information that is not part of the basic definition of the element and that modifies the understanding of the element in which it is contained and/or the understanding of the containing element's descendants. Usually modifier elements provide negation or qualification. To make the use of extensions safe and manageable, there is a strict set of governance applied to the definition and use of extensions. Though any implementer can define an extension, there is a set of requirements that SHALL be met as part of the definition of the extension. Applications processing a resource are required to check for modifier extensions.

Modifier extensions SHALL NOT change the meaning of any elements on Resource or DomainResource (including cannot change the meaning of modifierExtension itself).","There can be no stigma associated with the use of extensions by any application, project, or standard - regardless of the institution or jurisdiction that uses or defines the extensions.  The use of extensions is what allows the FHIR specification to retain a core level of simplicity for everyone.","Modifier extensions allow for extensions that *cannot* be safely ignored to be clearly distinguished from the vast majority of extensions which can be safely ignored.  This promotes interoperability by eliminating the need for implementers to prohibit the presence of extensions. For further information, see the [definition of modifier extensions](http://hl7.org/fhir/R4/extensibility.html#modifierExtension).","","","","","","","",,,,,"",,,,"BackboneElement.modifierExtension",0,*,"","ele-1:All FHIR elements must have a @value or children {hasValue() or (children().count() > id.count())}
ext-1:Must have either extensions or value[x], not both {extension.exists() != value.exists()}"
"pdlgc-signature.SignedInfo.References.URI","pdlgc-signature.SignedInfo.References.URI","","","",1,1,"","","","uri {[]} {[]}
","URI de l'objet signé. (#manifest ou #signedProperties)","URI de l'objet signé. (#manifest ou #signedProperties)","","","","","","","","","",,,,,"",,,,"pdlgc-signature.SignedInfo.References.URI",1,1,"",""
"pdlgc-signature.SignedInfo.References.Type","pdlgc-signature.SignedInfo.References.Type","","","",0,1,"","","","string {[]} {[]}
","Type de la référence","Type de la référence","","","","","","","","","",,,,,"",,,,"pdlgc-signature.SignedInfo.References.Type",0,1,"",""
"pdlgc-signature.SignedInfo.References.DigestMethod","pdlgc-signature.SignedInfo.References.DigestMethod","","","",1,1,"","","","string {[]} {[]}
","Algorithme de hachage de la référence. Valeur recommandée : http://www.w3.org/2001/04/xmlenc#sha256","Algorithme de hachage de la référence. Valeur recommandée : http://www.w3.org/2001/04/xmlenc#sha256","","","","","","","","","",,,,,"",,,,"pdlgc-signature.SignedInfo.References.DigestMethod",1,1,"",""
"pdlgc-signature.SignedInfo.References.DigestValue","pdlgc-signature.SignedInfo.References.DigestValue","","","",1,1,"","","","base64Binary {[]} {[]}
","Empreinte base64 de l'objet référencé","Empreinte base64 de l'objet référencé","","","","","","","","","",,,,,"",,,,"pdlgc-signature.SignedInfo.References.DigestValue",1,1,"",""
"pdlgc-signature.signatureValue","pdlgc-signature.signatureValue","","","",1,1,"","","","base64Binary {[]} {[]}
","Valeur de la signature cryptographique. Base64 de la signature calculée sur les références déclarées dans SignedInfo.","Valeur de la signature cryptographique. Base64 de la signature calculée sur les références déclarées dans SignedInfo.","","","","","","","","","",,,,,"",,,,"pdlgc-signature.signatureValue",1,1,"",""
"pdlgc-signature.keyInfo","pdlgc-signature.keyInfo","","","",1,1,"","","","BackboneElement {[]} {[]}
","Informations sur la clé de signature","Informations sur la clé de signature","","","","","","","","","",,,,,"",,,,"pdlgc-signature.keyInfo",1,1,"","ele-1:All FHIR elements must have a @value or children {hasValue() or (children().count() > id.count())}
"
"pdlgc-signature.keyInfo.id","pdlgc-signature.keyInfo.id","","","",0,1,"","","","string {[]} {[]}
","Unique id for inter-element referencing","Unique id for the element within a resource (for internal references). This may be any string value that does not contain spaces.","","","","","","","","","",,,,,"",,,,"Element.id",0,1,"",""
"pdlgc-signature.keyInfo.extension","pdlgc-signature.keyInfo.extension","","extensions
user content","",0,*,"","","","Extension {[]} {[]}
","Additional content defined by implementations","May be used to represent additional information that is not part of the basic definition of the element. To make the use of extensions safe and manageable, there is a strict set of governance  applied to the definition and use of extensions. Though any implementer can define an extension, there is a set of requirements that SHALL be met as part of the definition of the extension.","There can be no stigma associated with the use of extensions by any application, project, or standard - regardless of the institution or jurisdiction that uses or defines the extensions.  The use of extensions is what allows the FHIR specification to retain a core level of simplicity for everyone.","","","","","","","","",,,,,"","value:url}
","Extensions are always sliced by (at least) url",,"open","Element.extension",0,*,"","ele-1:All FHIR elements must have a @value or children {hasValue() or (children().count() > id.count())}
ext-1:Must have either extensions or value[x], not both {extension.exists() != value.exists()}"
"pdlgc-signature.keyInfo.modifierExtension","pdlgc-signature.keyInfo.modifierExtension","","extensions
user contentmodifiers","",0,*,"","Y","Y","Extension {[]} {[]}
","Extensions that cannot be ignored even if unrecognized","May be used to represent additional information that is not part of the basic definition of the element and that modifies the understanding of the element in which it is contained and/or the understanding of the containing element's descendants. Usually modifier elements provide negation or qualification. To make the use of extensions safe and manageable, there is a strict set of governance applied to the definition and use of extensions. Though any implementer can define an extension, there is a set of requirements that SHALL be met as part of the definition of the extension. Applications processing a resource are required to check for modifier extensions.

Modifier extensions SHALL NOT change the meaning of any elements on Resource or DomainResource (including cannot change the meaning of modifierExtension itself).","There can be no stigma associated with the use of extensions by any application, project, or standard - regardless of the institution or jurisdiction that uses or defines the extensions.  The use of extensions is what allows the FHIR specification to retain a core level of simplicity for everyone.","Modifier extensions allow for extensions that *cannot* be safely ignored to be clearly distinguished from the vast majority of extensions which can be safely ignored.  This promotes interoperability by eliminating the need for implementers to prohibit the presence of extensions. For further information, see the [definition of modifier extensions](http://hl7.org/fhir/R4/extensibility.html#modifierExtension).","","","","","","","",,,,,"",,,,"BackboneElement.modifierExtension",0,*,"","ele-1:All FHIR elements must have a @value or children {hasValue() or (children().count() > id.count())}
ext-1:Must have either extensions or value[x], not both {extension.exists() != value.exists()}"
"pdlgc-signature.keyInfo.x509Data","pdlgc-signature.keyInfo.x509Data","","","",1,1,"","","","BackboneElement {[]} {[]}
","Données du certificat X.509 du signataire","Données du certificat X.509 du signataire","","","","","","","","","",,,,,"",,,,"pdlgc-signature.keyInfo.x509Data",1,1,"","ele-1:All FHIR elements must have a @value or children {hasValue() or (children().count() > id.count())}
"
"pdlgc-signature.keyInfo.x509Data.id","pdlgc-signature.keyInfo.x509Data.id","","","",0,1,"","","","string {[]} {[]}
","Unique id for inter-element referencing","Unique id for the element within a resource (for internal references). This may be any string value that does not contain spaces.","","","","","","","","","",,,,,"",,,,"Element.id",0,1,"",""
"pdlgc-signature.keyInfo.x509Data.extension","pdlgc-signature.keyInfo.x509Data.extension","","extensions
user content","",0,*,"","","","Extension {[]} {[]}
","Additional content defined by implementations","May be used to represent additional information that is not part of the basic definition of the element. To make the use of extensions safe and manageable, there is a strict set of governance  applied to the definition and use of extensions. Though any implementer can define an extension, there is a set of requirements that SHALL be met as part of the definition of the extension.","There can be no stigma associated with the use of extensions by any application, project, or standard - regardless of the institution or jurisdiction that uses or defines the extensions.  The use of extensions is what allows the FHIR specification to retain a core level of simplicity for everyone.","","","","","","","","",,,,,"","value:url}
","Extensions are always sliced by (at least) url",,"open","Element.extension",0,*,"","ele-1:All FHIR elements must have a @value or children {hasValue() or (children().count() > id.count())}
ext-1:Must have either extensions or value[x], not both {extension.exists() != value.exists()}"
"pdlgc-signature.keyInfo.x509Data.modifierExtension","pdlgc-signature.keyInfo.x509Data.modifierExtension","","extensions
user contentmodifiers","",0,*,"","Y","Y","Extension {[]} {[]}
","Extensions that cannot be ignored even if unrecognized","May be used to represent additional information that is not part of the basic definition of the element and that modifies the understanding of the element in which it is contained and/or the understanding of the containing element's descendants. Usually modifier elements provide negation or qualification. To make the use of extensions safe and manageable, there is a strict set of governance applied to the definition and use of extensions. Though any implementer can define an extension, there is a set of requirements that SHALL be met as part of the definition of the extension. Applications processing a resource are required to check for modifier extensions.

Modifier extensions SHALL NOT change the meaning of any elements on Resource or DomainResource (including cannot change the meaning of modifierExtension itself).","There can be no stigma associated with the use of extensions by any application, project, or standard - regardless of the institution or jurisdiction that uses or defines the extensions.  The use of extensions is what allows the FHIR specification to retain a core level of simplicity for everyone.","Modifier extensions allow for extensions that *cannot* be safely ignored to be clearly distinguished from the vast majority of extensions which can be safely ignored.  This promotes interoperability by eliminating the need for implementers to prohibit the presence of extensions. For further information, see the [definition of modifier extensions](http://hl7.org/fhir/R4/extensibility.html#modifierExtension).","","","","","","","",,,,,"",,,,"BackboneElement.modifierExtension",0,*,"","ele-1:All FHIR elements must have a @value or children {hasValue() or (children().count() > id.count())}
ext-1:Must have either extensions or value[x], not both {extension.exists() != value.exists()}"
"pdlgc-signature.keyInfo.x509Data.x509Certificate","pdlgc-signature.keyInfo.x509Data.x509Certificate","","","",1,1,"","","","base64Binary {[]} {[]}
","Certificat X.509 du signataire (base64 DER). Certificat délivré par une autorité de certification reconnue par le référentiel RGS.","Certificat X.509 du signataire (base64 DER). Certificat délivré par une autorité de certification reconnue par le référentiel RGS.","","","","","","","","","",,,,,"",,,,"pdlgc-signature.keyInfo.x509Data.x509Certificate",1,1,"",""
"pdlgc-signature.keyInfo.x509Data.x509IssuerSerial","pdlgc-signature.keyInfo.x509Data.x509IssuerSerial","","","",0,1,"","","","BackboneElement {[]} {[]}
","Émetteur et numéro de série du certificat","Émetteur et numéro de série du certificat","","","","","","","","","",,,,,"",,,,"pdlgc-signature.keyInfo.x509Data.x509IssuerSerial",0,1,"","ele-1:All FHIR elements must have a @value or children {hasValue() or (children().count() > id.count())}
"
"pdlgc-signature.keyInfo.x509Data.x509IssuerSerial.id","pdlgc-signature.keyInfo.x509Data.x509IssuerSerial.id","","","",0,1,"","","","string {[]} {[]}
","Unique id for inter-element referencing","Unique id for the element within a resource (for internal references). This may be any string value that does not contain spaces.","","","","","","","","","",,,,,"",,,,"Element.id",0,1,"",""
"pdlgc-signature.keyInfo.x509Data.x509IssuerSerial.extension","pdlgc-signature.keyInfo.x509Data.x509IssuerSerial.extension","","extensions
user content","",0,*,"","","","Extension {[]} {[]}
","Additional content defined by implementations","May be used to represent additional information that is not part of the basic definition of the element. To make the use of extensions safe and manageable, there is a strict set of governance  applied to the definition and use of extensions. Though any implementer can define an extension, there is a set of requirements that SHALL be met as part of the definition of the extension.","There can be no stigma associated with the use of extensions by any application, project, or standard - regardless of the institution or jurisdiction that uses or defines the extensions.  The use of extensions is what allows the FHIR specification to retain a core level of simplicity for everyone.","","","","","","","","",,,,,"","value:url}
","Extensions are always sliced by (at least) url",,"open","Element.extension",0,*,"","ele-1:All FHIR elements must have a @value or children {hasValue() or (children().count() > id.count())}
ext-1:Must have either extensions or value[x], not both {extension.exists() != value.exists()}"
"pdlgc-signature.keyInfo.x509Data.x509IssuerSerial.modifierExtension","pdlgc-signature.keyInfo.x509Data.x509IssuerSerial.modifierExtension","","extensions
user contentmodifiers","",0,*,"","Y","Y","Extension {[]} {[]}
","Extensions that cannot be ignored even if unrecognized","May be used to represent additional information that is not part of the basic definition of the element and that modifies the understanding of the element in which it is contained and/or the understanding of the containing element's descendants. Usually modifier elements provide negation or qualification. To make the use of extensions safe and manageable, there is a strict set of governance applied to the definition and use of extensions. Though any implementer can define an extension, there is a set of requirements that SHALL be met as part of the definition of the extension. Applications processing a resource are required to check for modifier extensions.

Modifier extensions SHALL NOT change the meaning of any elements on Resource or DomainResource (including cannot change the meaning of modifierExtension itself).","There can be no stigma associated with the use of extensions by any application, project, or standard - regardless of the institution or jurisdiction that uses or defines the extensions.  The use of extensions is what allows the FHIR specification to retain a core level of simplicity for everyone.","Modifier extensions allow for extensions that *cannot* be safely ignored to be clearly distinguished from the vast majority of extensions which can be safely ignored.  This promotes interoperability by eliminating the need for implementers to prohibit the presence of extensions. For further information, see the [definition of modifier extensions](http://hl7.org/fhir/R4/extensibility.html#modifierExtension).","","","","","","","",,,,,"",,,,"BackboneElement.modifierExtension",0,*,"","ele-1:All FHIR elements must have a @value or children {hasValue() or (children().count() > id.count())}
ext-1:Must have either extensions or value[x], not both {extension.exists() != value.exists()}"
"pdlgc-signature.keyInfo.x509Data.x509IssuerSerial.x509IssuerName","pdlgc-signature.keyInfo.x509Data.x509IssuerSerial.x509IssuerName","","","",1,1,"","","","string {[]} {[]}
","Nom distinctif de l'autorité de certification","Nom distinctif de l'autorité de certification","","","","","","","","","",,,,,"",,,,"pdlgc-signature.keyInfo.x509Data.x509IssuerSerial.x509IssuerName",1,1,"",""
"pdlgc-signature.keyInfo.x509Data.x509IssuerSerial.x509SerialNumber","pdlgc-signature.keyInfo.x509Data.x509IssuerSerial.x509SerialNumber","","","",1,1,"","","","string {[]} {[]}
","Numéro de série du certificat","Numéro de série du certificat","","","","","","","","","",,,,,"",,,,"pdlgc-signature.keyInfo.x509Data.x509IssuerSerial.x509SerialNumber",1,1,"",""
"pdlgc-signature.Object","pdlgc-signature.Object","","","",1,1,"","","","BackboneElement {[]} {[]}
","Périmètre des objets couverts par la signature","Périmètre des objets couverts par la signature","","","","","","","","","",,,,,"",,,,"pdlgc-signature.Object",1,1,"","ele-1:All FHIR elements must have a @value or children {hasValue() or (children().count() > id.count())}
"
"pdlgc-signature.Object.id","pdlgc-signature.Object.id","","","",0,1,"","","","string {[]} {[]}
","Unique id for inter-element referencing","Unique id for the element within a resource (for internal references). This may be any string value that does not contain spaces.","","","","","","","","","",,,,,"",,,,"Element.id",0,1,"",""
"pdlgc-signature.Object.extension","pdlgc-signature.Object.extension","","extensions
user content","",0,*,"","","","Extension {[]} {[]}
","Additional content defined by implementations","May be used to represent additional information that is not part of the basic definition of the element. To make the use of extensions safe and manageable, there is a strict set of governance  applied to the definition and use of extensions. Though any implementer can define an extension, there is a set of requirements that SHALL be met as part of the definition of the extension.","There can be no stigma associated with the use of extensions by any application, project, or standard - regardless of the institution or jurisdiction that uses or defines the extensions.  The use of extensions is what allows the FHIR specification to retain a core level of simplicity for everyone.","","","","","","","","",,,,,"","value:url}
","Extensions are always sliced by (at least) url",,"open","Element.extension",0,*,"","ele-1:All FHIR elements must have a @value or children {hasValue() or (children().count() > id.count())}
ext-1:Must have either extensions or value[x], not both {extension.exists() != value.exists()}"
"pdlgc-signature.Object.modifierExtension","pdlgc-signature.Object.modifierExtension","","extensions
user contentmodifiers","",0,*,"","Y","Y","Extension {[]} {[]}
","Extensions that cannot be ignored even if unrecognized","May be used to represent additional information that is not part of the basic definition of the element and that modifies the understanding of the element in which it is contained and/or the understanding of the containing element's descendants. Usually modifier elements provide negation or qualification. To make the use of extensions safe and manageable, there is a strict set of governance applied to the definition and use of extensions. Though any implementer can define an extension, there is a set of requirements that SHALL be met as part of the definition of the extension. Applications processing a resource are required to check for modifier extensions.

Modifier extensions SHALL NOT change the meaning of any elements on Resource or DomainResource (including cannot change the meaning of modifierExtension itself).","There can be no stigma associated with the use of extensions by any application, project, or standard - regardless of the institution or jurisdiction that uses or defines the extensions.  The use of extensions is what allows the FHIR specification to retain a core level of simplicity for everyone.","Modifier extensions allow for extensions that *cannot* be safely ignored to be clearly distinguished from the vast majority of extensions which can be safely ignored.  This promotes interoperability by eliminating the need for implementers to prohibit the presence of extensions. For further information, see the [definition of modifier extensions](http://hl7.org/fhir/R4/extensibility.html#modifierExtension).","","","","","","","",,,,,"",,,,"BackboneElement.modifierExtension",0,*,"","ele-1:All FHIR elements must have a @value or children {hasValue() or (children().count() > id.count())}
ext-1:Must have either extensions or value[x], not both {extension.exists() != value.exists()}"
"pdlgc-signature.Object.Manifest","pdlgc-signature.Object.Manifest","","","",1,1,"","","","BackboneElement {[]} {[]}
","Périmètre des objets couverts par la signature. Id fixé à manifest","Périmètre des objets couverts par la signature. Id fixé à manifest","","","","","","","","","",,,,,"",,,,"pdlgc-signature.Object.Manifest",1,1,"","ele-1:All FHIR elements must have a @value or children {hasValue() or (children().count() > id.count())}
"
"pdlgc-signature.Object.Manifest.id","pdlgc-signature.Object.Manifest.id","","","",0,1,"","","","string {[]} {[]}
","Unique id for inter-element referencing","Unique id for the element within a resource (for internal references). This may be any string value that does not contain spaces.","","","","","","","","","",,,,,"",,,,"Element.id",0,1,"",""
"pdlgc-signature.Object.Manifest.extension","pdlgc-signature.Object.Manifest.extension","","extensions
user content","",0,*,"","","","Extension {[]} {[]}
","Additional content defined by implementations","May be used to represent additional information that is not part of the basic definition of the element. To make the use of extensions safe and manageable, there is a strict set of governance  applied to the definition and use of extensions. Though any implementer can define an extension, there is a set of requirements that SHALL be met as part of the definition of the extension.","There can be no stigma associated with the use of extensions by any application, project, or standard - regardless of the institution or jurisdiction that uses or defines the extensions.  The use of extensions is what allows the FHIR specification to retain a core level of simplicity for everyone.","","","","","","","","",,,,,"","value:url}
","Extensions are always sliced by (at least) url",,"open","Element.extension",0,*,"","ele-1:All FHIR elements must have a @value or children {hasValue() or (children().count() > id.count())}
ext-1:Must have either extensions or value[x], not both {extension.exists() != value.exists()}"
"pdlgc-signature.Object.Manifest.modifierExtension","pdlgc-signature.Object.Manifest.modifierExtension","","extensions
user contentmodifiers","",0,*,"","Y","Y","Extension {[]} {[]}
","Extensions that cannot be ignored even if unrecognized","May be used to represent additional information that is not part of the basic definition of the element and that modifies the understanding of the element in which it is contained and/or the understanding of the containing element's descendants. Usually modifier elements provide negation or qualification. To make the use of extensions safe and manageable, there is a strict set of governance applied to the definition and use of extensions. Though any implementer can define an extension, there is a set of requirements that SHALL be met as part of the definition of the extension. Applications processing a resource are required to check for modifier extensions.

Modifier extensions SHALL NOT change the meaning of any elements on Resource or DomainResource (including cannot change the meaning of modifierExtension itself).","There can be no stigma associated with the use of extensions by any application, project, or standard - regardless of the institution or jurisdiction that uses or defines the extensions.  The use of extensions is what allows the FHIR specification to retain a core level of simplicity for everyone.","Modifier extensions allow for extensions that *cannot* be safely ignored to be clearly distinguished from the vast majority of extensions which can be safely ignored.  This promotes interoperability by eliminating the need for implementers to prohibit the presence of extensions. For further information, see the [definition of modifier extensions](http://hl7.org/fhir/R4/extensibility.html#modifierExtension).","","","","","","","",,,,,"",,,,"BackboneElement.modifierExtension",0,*,"","ele-1:All FHIR elements must have a @value or children {hasValue() or (children().count() > id.count())}
ext-1:Must have either extensions or value[x], not both {extension.exists() != value.exists()}"
"pdlgc-signature.Object.Manifest.Id","pdlgc-signature.Object.Manifest.Id","","","",1,1,"","","","string {[]} {[]}
","Valeur fixée à 'manifest'.","Valeur fixée à 'manifest'.","","","","","","","","","",,,,,"",,,,"pdlgc-signature.Object.Manifest.Id",1,1,"",""
"pdlgc-signature.Object.Manifest.Reference","pdlgc-signature.Object.Manifest.Reference","","","",1,*,"","","","BackboneElement {[]} {[]}
","Références aux objets signés. Chaque référence pointe vers un fichier constitutif du périmètre signé de l'archive de portabilité (MANIFEST.XML, archives XDM patient et archive transverse).","Références aux objets signés. Chaque référence pointe vers un fichier constitutif du périmètre signé de l'archive de portabilité (MANIFEST.XML, archives XDM patient et archive transverse).","","","","","","","","","",,,,,"",,,,"pdlgc-signature.Object.Manifest.Reference",1,*,"","ele-1:All FHIR elements must have a @value or children {hasValue() or (children().count() > id.count())}
"
"pdlgc-signature.Object.Manifest.Reference.id","pdlgc-signature.Object.Manifest.Reference.id","","","",0,1,"","","","string {[]} {[]}
","Unique id for inter-element referencing","Unique id for the element within a resource (for internal references). This may be any string value that does not contain spaces.","","","","","","","","","",,,,,"",,,,"Element.id",0,1,"",""
"pdlgc-signature.Object.Manifest.Reference.extension","pdlgc-signature.Object.Manifest.Reference.extension","","extensions
user content","",0,*,"","","","Extension {[]} {[]}
","Additional content defined by implementations","May be used to represent additional information that is not part of the basic definition of the element. To make the use of extensions safe and manageable, there is a strict set of governance  applied to the definition and use of extensions. Though any implementer can define an extension, there is a set of requirements that SHALL be met as part of the definition of the extension.","There can be no stigma associated with the use of extensions by any application, project, or standard - regardless of the institution or jurisdiction that uses or defines the extensions.  The use of extensions is what allows the FHIR specification to retain a core level of simplicity for everyone.","","","","","","","","",,,,,"","value:url}
","Extensions are always sliced by (at least) url",,"open","Element.extension",0,*,"","ele-1:All FHIR elements must have a @value or children {hasValue() or (children().count() > id.count())}
ext-1:Must have either extensions or value[x], not both {extension.exists() != value.exists()}"
"pdlgc-signature.Object.Manifest.Reference.modifierExtension","pdlgc-signature.Object.Manifest.Reference.modifierExtension","","extensions
user contentmodifiers","",0,*,"","Y","Y","Extension {[]} {[]}
","Extensions that cannot be ignored even if unrecognized","May be used to represent additional information that is not part of the basic definition of the element and that modifies the understanding of the element in which it is contained and/or the understanding of the containing element's descendants. Usually modifier elements provide negation or qualification. To make the use of extensions safe and manageable, there is a strict set of governance applied to the definition and use of extensions. Though any implementer can define an extension, there is a set of requirements that SHALL be met as part of the definition of the extension. Applications processing a resource are required to check for modifier extensions.

Modifier extensions SHALL NOT change the meaning of any elements on Resource or DomainResource (including cannot change the meaning of modifierExtension itself).","There can be no stigma associated with the use of extensions by any application, project, or standard - regardless of the institution or jurisdiction that uses or defines the extensions.  The use of extensions is what allows the FHIR specification to retain a core level of simplicity for everyone.","Modifier extensions allow for extensions that *cannot* be safely ignored to be clearly distinguished from the vast majority of extensions which can be safely ignored.  This promotes interoperability by eliminating the need for implementers to prohibit the presence of extensions. For further information, see the [definition of modifier extensions](http://hl7.org/fhir/R4/extensibility.html#modifierExtension).","","","","","","","",,,,,"",,,,"BackboneElement.modifierExtension",0,*,"","ele-1:All FHIR elements must have a @value or children {hasValue() or (children().count() > id.count())}
ext-1:Must have either extensions or value[x], not both {extension.exists() != value.exists()}"
"pdlgc-signature.Object.Manifest.Reference.Uri","pdlgc-signature.Object.Manifest.Reference.Uri","","","",1,1,"","","","string {[]} {[]}
","URI de la référence","URI de la référence","","","","","","","","","",,,,,"",,,,"pdlgc-signature.Object.Manifest.Reference.Uri",1,1,"",""
"pdlgc-signature.Object.Manifest.Reference.DigestMethod","pdlgc-signature.Object.Manifest.Reference.DigestMethod","","","",1,1,"","","","string {[]} {[]}
","Algorithme de hachage de la référence. Valeur recommandée : http://www.w3.org/2001/04/xmlenc#sha256","Algorithme de hachage de la référence. Valeur recommandée : http://www.w3.org/2001/04/xmlenc#sha256","","","","","","","","","",,,,,"",,,,"pdlgc-signature.Object.Manifest.Reference.DigestMethod",1,1,"",""
"pdlgc-signature.Object.Manifest.Reference.DigestValue","pdlgc-signature.Object.Manifest.Reference.DigestValue","","","",1,1,"","","","base64Binary {[]} {[]}
","Empreinte base64 de l'objet référencé","Empreinte base64 de l'objet référencé","","","","","","","","","",,,,,"",,,,"pdlgc-signature.Object.Manifest.Reference.DigestValue",1,1,"",""
"pdlgc-signature.Object.QualifyingProperties","pdlgc-signature.Object.QualifyingProperties","","","",1,1,"","","","BackboneElement {[]} {[]}
","Propriétés qualifiantes XAdES","Propriétés qualifiantes XAdES","","","","","","","","","",,,,,"",,,,"pdlgc-signature.Object.QualifyingProperties",1,1,"","ele-1:All FHIR elements must have a @value or children {hasValue() or (children().count() > id.count())}
"
"pdlgc-signature.Object.QualifyingProperties.id","pdlgc-signature.Object.QualifyingProperties.id","","","",0,1,"","","","string {[]} {[]}
","Unique id for inter-element referencing","Unique id for the element within a resource (for internal references). This may be any string value that does not contain spaces.","","","","","","","","","",,,,,"",,,,"Element.id",0,1,"",""
"pdlgc-signature.Object.QualifyingProperties.extension","pdlgc-signature.Object.QualifyingProperties.extension","","extensions
user content","",0,*,"","","","Extension {[]} {[]}
","Additional content defined by implementations","May be used to represent additional information that is not part of the basic definition of the element. To make the use of extensions safe and manageable, there is a strict set of governance  applied to the definition and use of extensions. Though any implementer can define an extension, there is a set of requirements that SHALL be met as part of the definition of the extension.","There can be no stigma associated with the use of extensions by any application, project, or standard - regardless of the institution or jurisdiction that uses or defines the extensions.  The use of extensions is what allows the FHIR specification to retain a core level of simplicity for everyone.","","","","","","","","",,,,,"","value:url}
","Extensions are always sliced by (at least) url",,"open","Element.extension",0,*,"","ele-1:All FHIR elements must have a @value or children {hasValue() or (children().count() > id.count())}
ext-1:Must have either extensions or value[x], not both {extension.exists() != value.exists()}"
"pdlgc-signature.Object.QualifyingProperties.modifierExtension","pdlgc-signature.Object.QualifyingProperties.modifierExtension","","extensions
user contentmodifiers","",0,*,"","Y","Y","Extension {[]} {[]}
","Extensions that cannot be ignored even if unrecognized","May be used to represent additional information that is not part of the basic definition of the element and that modifies the understanding of the element in which it is contained and/or the understanding of the containing element's descendants. Usually modifier elements provide negation or qualification. To make the use of extensions safe and manageable, there is a strict set of governance applied to the definition and use of extensions. Though any implementer can define an extension, there is a set of requirements that SHALL be met as part of the definition of the extension. Applications processing a resource are required to check for modifier extensions.

Modifier extensions SHALL NOT change the meaning of any elements on Resource or DomainResource (including cannot change the meaning of modifierExtension itself).","There can be no stigma associated with the use of extensions by any application, project, or standard - regardless of the institution or jurisdiction that uses or defines the extensions.  The use of extensions is what allows the FHIR specification to retain a core level of simplicity for everyone.","Modifier extensions allow for extensions that *cannot* be safely ignored to be clearly distinguished from the vast majority of extensions which can be safely ignored.  This promotes interoperability by eliminating the need for implementers to prohibit the presence of extensions. For further information, see the [definition of modifier extensions](http://hl7.org/fhir/R4/extensibility.html#modifierExtension).","","","","","","","",,,,,"",,,,"BackboneElement.modifierExtension",0,*,"","ele-1:All FHIR elements must have a @value or children {hasValue() or (children().count() > id.count())}
ext-1:Must have either extensions or value[x], not both {extension.exists() != value.exists()}"
"pdlgc-signature.Object.QualifyingProperties.Target","pdlgc-signature.Object.QualifyingProperties.Target","","","",1,1,"","","","string {[]} {[]}
","Signature concernée","Signature concernée","","","","","","","","","",,,,,"",,,,"pdlgc-signature.Object.QualifyingProperties.Target",1,1,"",""
"pdlgc-signature.Object.QualifyingProperties.SignedProperties","pdlgc-signature.Object.QualifyingProperties.SignedProperties","","","",1,1,"","","","BackboneElement {[]} {[]}
","Propriétés incluses dans la signature","Propriétés incluses dans la signature","","","","","","","","","",,,,,"",,,,"pdlgc-signature.Object.QualifyingProperties.SignedProperties",1,1,"","ele-1:All FHIR elements must have a @value or children {hasValue() or (children().count() > id.count())}
"
"pdlgc-signature.Object.QualifyingProperties.SignedProperties.id","pdlgc-signature.Object.QualifyingProperties.SignedProperties.id","","","",0,1,"","","","string {[]} {[]}
","Unique id for inter-element referencing","Unique id for the element within a resource (for internal references). This may be any string value that does not contain spaces.","","","","","","","","","",,,,,"",,,,"Element.id",0,1,"",""
"pdlgc-signature.Object.QualifyingProperties.SignedProperties.extension","pdlgc-signature.Object.QualifyingProperties.SignedProperties.extension","","extensions
user content","",0,*,"","","","Extension {[]} {[]}
","Additional content defined by implementations","May be used to represent additional information that is not part of the basic definition of the element. To make the use of extensions safe and manageable, there is a strict set of governance  applied to the definition and use of extensions. Though any implementer can define an extension, there is a set of requirements that SHALL be met as part of the definition of the extension.","There can be no stigma associated with the use of extensions by any application, project, or standard - regardless of the institution or jurisdiction that uses or defines the extensions.  The use of extensions is what allows the FHIR specification to retain a core level of simplicity for everyone.","","","","","","","","",,,,,"","value:url}
","Extensions are always sliced by (at least) url",,"open","Element.extension",0,*,"","ele-1:All FHIR elements must have a @value or children {hasValue() or (children().count() > id.count())}
ext-1:Must have either extensions or value[x], not both {extension.exists() != value.exists()}"
"pdlgc-signature.Object.QualifyingProperties.SignedProperties.modifierExtension","pdlgc-signature.Object.QualifyingProperties.SignedProperties.modifierExtension","","extensions
user contentmodifiers","",0,*,"","Y","Y","Extension {[]} {[]}
","Extensions that cannot be ignored even if unrecognized","May be used to represent additional information that is not part of the basic definition of the element and that modifies the understanding of the element in which it is contained and/or the understanding of the containing element's descendants. Usually modifier elements provide negation or qualification. To make the use of extensions safe and manageable, there is a strict set of governance applied to the definition and use of extensions. Though any implementer can define an extension, there is a set of requirements that SHALL be met as part of the definition of the extension. Applications processing a resource are required to check for modifier extensions.

Modifier extensions SHALL NOT change the meaning of any elements on Resource or DomainResource (including cannot change the meaning of modifierExtension itself).","There can be no stigma associated with the use of extensions by any application, project, or standard - regardless of the institution or jurisdiction that uses or defines the extensions.  The use of extensions is what allows the FHIR specification to retain a core level of simplicity for everyone.","Modifier extensions allow for extensions that *cannot* be safely ignored to be clearly distinguished from the vast majority of extensions which can be safely ignored.  This promotes interoperability by eliminating the need for implementers to prohibit the presence of extensions. For further information, see the [definition of modifier extensions](http://hl7.org/fhir/R4/extensibility.html#modifierExtension).","","","","","","","",,,,,"",,,,"BackboneElement.modifierExtension",0,*,"","ele-1:All FHIR elements must have a @value or children {hasValue() or (children().count() > id.count())}
ext-1:Must have either extensions or value[x], not both {extension.exists() != value.exists()}"
"pdlgc-signature.Object.QualifyingProperties.SignedProperties.Id","pdlgc-signature.Object.QualifyingProperties.SignedProperties.Id","","","",1,1,"","","","string {[]} {[]}
","Valeur fixée à 'signedProperties'.","Valeur fixée à 'signedProperties'.","","","","","","","","","",,,,,"",,,,"pdlgc-signature.Object.QualifyingProperties.SignedProperties.Id",1,1,"",""
"pdlgc-signature.Object.QualifyingProperties.SignedProperties.SignedSignatureProperties","pdlgc-signature.Object.QualifyingProperties.SignedProperties.SignedSignatureProperties","","","",1,1,"","","","BackboneElement {[]} {[]}
","Propriétés de la signature","Propriétés de la signature","","","","","","","","","",,,,,"",,,,"pdlgc-signature.Object.QualifyingProperties.SignedProperties.SignedSignatureProperties",1,1,"","ele-1:All FHIR elements must have a @value or children {hasValue() or (children().count() > id.count())}
"
"pdlgc-signature.Object.QualifyingProperties.SignedProperties.SignedSignatureProperties.id","pdlgc-signature.Object.QualifyingProperties.SignedProperties.SignedSignatureProperties.id","","","",0,1,"","","","string {[]} {[]}
","Unique id for inter-element referencing","Unique id for the element within a resource (for internal references). This may be any string value that does not contain spaces.","","","","","","","","","",,,,,"",,,,"Element.id",0,1,"",""
"pdlgc-signature.Object.QualifyingProperties.SignedProperties.SignedSignatureProperties.extension","pdlgc-signature.Object.QualifyingProperties.SignedProperties.SignedSignatureProperties.extension","","extensions
user content","",0,*,"","","","Extension {[]} {[]}
","Additional content defined by implementations","May be used to represent additional information that is not part of the basic definition of the element. To make the use of extensions safe and manageable, there is a strict set of governance  applied to the definition and use of extensions. Though any implementer can define an extension, there is a set of requirements that SHALL be met as part of the definition of the extension.","There can be no stigma associated with the use of extensions by any application, project, or standard - regardless of the institution or jurisdiction that uses or defines the extensions.  The use of extensions is what allows the FHIR specification to retain a core level of simplicity for everyone.","","","","","","","","",,,,,"","value:url}
","Extensions are always sliced by (at least) url",,"open","Element.extension",0,*,"","ele-1:All FHIR elements must have a @value or children {hasValue() or (children().count() > id.count())}
ext-1:Must have either extensions or value[x], not both {extension.exists() != value.exists()}"
"pdlgc-signature.Object.QualifyingProperties.SignedProperties.SignedSignatureProperties.modifierExtension","pdlgc-signature.Object.QualifyingProperties.SignedProperties.SignedSignatureProperties.modifierExtension","","extensions
user contentmodifiers","",0,*,"","Y","Y","Extension {[]} {[]}
","Extensions that cannot be ignored even if unrecognized","May be used to represent additional information that is not part of the basic definition of the element and that modifies the understanding of the element in which it is contained and/or the understanding of the containing element's descendants. Usually modifier elements provide negation or qualification. To make the use of extensions safe and manageable, there is a strict set of governance applied to the definition and use of extensions. Though any implementer can define an extension, there is a set of requirements that SHALL be met as part of the definition of the extension. Applications processing a resource are required to check for modifier extensions.

Modifier extensions SHALL NOT change the meaning of any elements on Resource or DomainResource (including cannot change the meaning of modifierExtension itself).","There can be no stigma associated with the use of extensions by any application, project, or standard - regardless of the institution or jurisdiction that uses or defines the extensions.  The use of extensions is what allows the FHIR specification to retain a core level of simplicity for everyone.","Modifier extensions allow for extensions that *cannot* be safely ignored to be clearly distinguished from the vast majority of extensions which can be safely ignored.  This promotes interoperability by eliminating the need for implementers to prohibit the presence of extensions. For further information, see the [definition of modifier extensions](http://hl7.org/fhir/R4/extensibility.html#modifierExtension).","","","","","","","",,,,,"",,,,"BackboneElement.modifierExtension",0,*,"","ele-1:All FHIR elements must have a @value or children {hasValue() or (children().count() > id.count())}
ext-1:Must have either extensions or value[x], not both {extension.exists() != value.exists()}"
"pdlgc-signature.Object.QualifyingProperties.SignedProperties.SignedSignatureProperties.SigningTime","pdlgc-signature.Object.QualifyingProperties.SignedProperties.SignedSignatureProperties.SigningTime","","","",0,1,"","","","dateTime {[]} {[]}
","Date et heure de signature déclarée par le signataire (ISO 8601)","Distincte de l'horodatage qualifié porté par les UnsignedProperties
          (XAdES-T et supérieur). Pour XAdES-B, seul signingTime est présent.","","","","","","","","","",,,,,"",,,,"pdlgc-signature.Object.QualifyingProperties.SignedProperties.SignedSignatureProperties.SigningTime",0,1,"",""
"pdlgc-signature.Object.QualifyingProperties.SignedProperties.SignedSignatureProperties.SigningCertificateV2","pdlgc-signature.Object.QualifyingProperties.SignedProperties.SignedSignatureProperties.SigningCertificateV2","","","",1,1,"","","","BackboneElement {[]} {[]}
","Référence au certificat de signature","Lie cryptographiquement la signature au certificat du signataire.","","","","","","","","","",,,,,"",,,,"pdlgc-signature.Object.QualifyingProperties.SignedProperties.SignedSignatureProperties.SigningCertificateV2",1,1,"","ele-1:All FHIR elements must have a @value or children {hasValue() or (children().count() > id.count())}
"
"pdlgc-signature.Object.QualifyingProperties.SignedProperties.SignedSignatureProperties.SigningCertificateV2.id","pdlgc-signature.Object.QualifyingProperties.SignedProperties.SignedSignatureProperties.SigningCertificateV2.id","","","",0,1,"","","","string {[]} {[]}
","Unique id for inter-element referencing","Unique id for the element within a resource (for internal references). This may be any string value that does not contain spaces.","","","","","","","","","",,,,,"",,,,"Element.id",0,1,"",""
"pdlgc-signature.Object.QualifyingProperties.SignedProperties.SignedSignatureProperties.SigningCertificateV2.extension","pdlgc-signature.Object.QualifyingProperties.SignedProperties.SignedSignatureProperties.SigningCertificateV2.extension","","extensions
user content","",0,*,"","","","Extension {[]} {[]}
","Additional content defined by implementations","May be used to represent additional information that is not part of the basic definition of the element. To make the use of extensions safe and manageable, there is a strict set of governance  applied to the definition and use of extensions. Though any implementer can define an extension, there is a set of requirements that SHALL be met as part of the definition of the extension.","There can be no stigma associated with the use of extensions by any application, project, or standard - regardless of the institution or jurisdiction that uses or defines the extensions.  The use of extensions is what allows the FHIR specification to retain a core level of simplicity for everyone.","","","","","","","","",,,,,"","value:url}
","Extensions are always sliced by (at least) url",,"open","Element.extension",0,*,"","ele-1:All FHIR elements must have a @value or children {hasValue() or (children().count() > id.count())}
ext-1:Must have either extensions or value[x], not both {extension.exists() != value.exists()}"
"pdlgc-signature.Object.QualifyingProperties.SignedProperties.SignedSignatureProperties.SigningCertificateV2.modifierExtension","pdlgc-signature.Object.QualifyingProperties.SignedProperties.SignedSignatureProperties.SigningCertificateV2.modifierExtension","","extensions
user contentmodifiers","",0,*,"","Y","Y","Extension {[]} {[]}
","Extensions that cannot be ignored even if unrecognized","May be used to represent additional information that is not part of the basic definition of the element and that modifies the understanding of the element in which it is contained and/or the understanding of the containing element's descendants. Usually modifier elements provide negation or qualification. To make the use of extensions safe and manageable, there is a strict set of governance applied to the definition and use of extensions. Though any implementer can define an extension, there is a set of requirements that SHALL be met as part of the definition of the extension. Applications processing a resource are required to check for modifier extensions.

Modifier extensions SHALL NOT change the meaning of any elements on Resource or DomainResource (including cannot change the meaning of modifierExtension itself).","There can be no stigma associated with the use of extensions by any application, project, or standard - regardless of the institution or jurisdiction that uses or defines the extensions.  The use of extensions is what allows the FHIR specification to retain a core level of simplicity for everyone.","Modifier extensions allow for extensions that *cannot* be safely ignored to be clearly distinguished from the vast majority of extensions which can be safely ignored.  This promotes interoperability by eliminating the need for implementers to prohibit the presence of extensions. For further information, see the [definition of modifier extensions](http://hl7.org/fhir/R4/extensibility.html#modifierExtension).","","","","","","","",,,,,"",,,,"BackboneElement.modifierExtension",0,*,"","ele-1:All FHIR elements must have a @value or children {hasValue() or (children().count() > id.count())}
ext-1:Must have either extensions or value[x], not both {extension.exists() != value.exists()}"
"pdlgc-signature.Object.QualifyingProperties.SignedProperties.SignedSignatureProperties.SigningCertificateV2.CertDigest","pdlgc-signature.Object.QualifyingProperties.SignedProperties.SignedSignatureProperties.SigningCertificateV2.CertDigest","","","",1,1,"","","","BackboneElement {[]} {[]}
","Empreinte du certificat","Empreinte du certificat","","","","","","","","","",,,,,"",,,,"pdlgc-signature.Object.QualifyingProperties.SignedProperties.SignedSignatureProperties.SigningCertificateV2.CertDigest",1,1,"","ele-1:All FHIR elements must have a @value or children {hasValue() or (children().count() > id.count())}
"
"pdlgc-signature.Object.QualifyingProperties.SignedProperties.SignedSignatureProperties.SigningCertificateV2.CertDigest.id","pdlgc-signature.Object.QualifyingProperties.SignedProperties.SignedSignatureProperties.SigningCertificateV2.CertDigest.id","","","",0,1,"","","","string {[]} {[]}
","Unique id for inter-element referencing","Unique id for the element within a resource (for internal references). This may be any string value that does not contain spaces.","","","","","","","","","",,,,,"",,,,"Element.id",0,1,"",""
"pdlgc-signature.Object.QualifyingProperties.SignedProperties.SignedSignatureProperties.SigningCertificateV2.CertDigest.extension","pdlgc-signature.Object.QualifyingProperties.SignedProperties.SignedSignatureProperties.SigningCertificateV2.CertDigest.extension","","extensions
user content","",0,*,"","","","Extension {[]} {[]}
","Additional content defined by implementations","May be used to represent additional information that is not part of the basic definition of the element. To make the use of extensions safe and manageable, there is a strict set of governance  applied to the definition and use of extensions. Though any implementer can define an extension, there is a set of requirements that SHALL be met as part of the definition of the extension.","There can be no stigma associated with the use of extensions by any application, project, or standard - regardless of the institution or jurisdiction that uses or defines the extensions.  The use of extensions is what allows the FHIR specification to retain a core level of simplicity for everyone.","","","","","","","","",,,,,"","value:url}
","Extensions are always sliced by (at least) url",,"open","Element.extension",0,*,"","ele-1:All FHIR elements must have a @value or children {hasValue() or (children().count() > id.count())}
ext-1:Must have either extensions or value[x], not both {extension.exists() != value.exists()}"
"pdlgc-signature.Object.QualifyingProperties.SignedProperties.SignedSignatureProperties.SigningCertificateV2.CertDigest.modifierExtension","pdlgc-signature.Object.QualifyingProperties.SignedProperties.SignedSignatureProperties.SigningCertificateV2.CertDigest.modifierExtension","","extensions
user contentmodifiers","",0,*,"","Y","Y","Extension {[]} {[]}
","Extensions that cannot be ignored even if unrecognized","May be used to represent additional information that is not part of the basic definition of the element and that modifies the understanding of the element in which it is contained and/or the understanding of the containing element's descendants. Usually modifier elements provide negation or qualification. To make the use of extensions safe and manageable, there is a strict set of governance applied to the definition and use of extensions. Though any implementer can define an extension, there is a set of requirements that SHALL be met as part of the definition of the extension. Applications processing a resource are required to check for modifier extensions.

Modifier extensions SHALL NOT change the meaning of any elements on Resource or DomainResource (including cannot change the meaning of modifierExtension itself).","There can be no stigma associated with the use of extensions by any application, project, or standard - regardless of the institution or jurisdiction that uses or defines the extensions.  The use of extensions is what allows the FHIR specification to retain a core level of simplicity for everyone.","Modifier extensions allow for extensions that *cannot* be safely ignored to be clearly distinguished from the vast majority of extensions which can be safely ignored.  This promotes interoperability by eliminating the need for implementers to prohibit the presence of extensions. For further information, see the [definition of modifier extensions](http://hl7.org/fhir/R4/extensibility.html#modifierExtension).","","","","","","","",,,,,"",,,,"BackboneElement.modifierExtension",0,*,"","ele-1:All FHIR elements must have a @value or children {hasValue() or (children().count() > id.count())}
ext-1:Must have either extensions or value[x], not both {extension.exists() != value.exists()}"
"pdlgc-signature.Object.QualifyingProperties.SignedProperties.SignedSignatureProperties.SigningCertificateV2.CertDigest.DigestMethod","pdlgc-signature.Object.QualifyingProperties.SignedProperties.SignedSignatureProperties.SigningCertificateV2.CertDigest.DigestMethod","","","",1,1,"","","","string {[]} {[]}
","Algorithme de hachage (SHA-256 recommandé)","Algorithme de hachage (SHA-256 recommandé)","","","","","","","","","",,,,,"",,,,"pdlgc-signature.Object.QualifyingProperties.SignedProperties.SignedSignatureProperties.SigningCertificateV2.CertDigest.DigestMethod",1,1,"",""
"pdlgc-signature.Object.QualifyingProperties.SignedProperties.SignedSignatureProperties.SigningCertificateV2.CertDigest.DigestValue","pdlgc-signature.Object.QualifyingProperties.SignedProperties.SignedSignatureProperties.SigningCertificateV2.CertDigest.DigestValue","","","",1,1,"","","","string {[]} {[]}
","Empreinte base64 du certificat X.509","Empreinte base64 du certificat X.509","","","","","","","","","",,,,,"",,,,"pdlgc-signature.Object.QualifyingProperties.SignedProperties.SignedSignatureProperties.SigningCertificateV2.CertDigest.DigestValue",1,1,"",""
"pdlgc-signature.Object.QualifyingProperties.SignedProperties.SignedSignatureProperties.SigningCertificateV2.IssuerSerial","pdlgc-signature.Object.QualifyingProperties.SignedProperties.SignedSignatureProperties.SigningCertificateV2.IssuerSerial","","","",0,1,"","","","BackboneElement {[]} {[]}
","Informations d'identification du certificat.","Informations d'identification du certificat.","","","","","","","","","",,,,,"",,,,"pdlgc-signature.Object.QualifyingProperties.SignedProperties.SignedSignatureProperties.SigningCertificateV2.IssuerSerial",0,1,"","ele-1:All FHIR elements must have a @value or children {hasValue() or (children().count() > id.count())}
"
"pdlgc-signature.Object.QualifyingProperties.SignedProperties.SignedSignatureProperties.SigningCertificateV2.IssuerSerial.id","pdlgc-signature.Object.QualifyingProperties.SignedProperties.SignedSignatureProperties.SigningCertificateV2.IssuerSerial.id","","","",0,1,"","","","string {[]} {[]}
","Unique id for inter-element referencing","Unique id for the element within a resource (for internal references). This may be any string value that does not contain spaces.","","","","","","","","","",,,,,"",,,,"Element.id",0,1,"",""
"pdlgc-signature.Object.QualifyingProperties.SignedProperties.SignedSignatureProperties.SigningCertificateV2.IssuerSerial.extension","pdlgc-signature.Object.QualifyingProperties.SignedProperties.SignedSignatureProperties.SigningCertificateV2.IssuerSerial.extension","","extensions
user content","",0,*,"","","","Extension {[]} {[]}
","Additional content defined by implementations","May be used to represent additional information that is not part of the basic definition of the element. To make the use of extensions safe and manageable, there is a strict set of governance  applied to the definition and use of extensions. Though any implementer can define an extension, there is a set of requirements that SHALL be met as part of the definition of the extension.","There can be no stigma associated with the use of extensions by any application, project, or standard - regardless of the institution or jurisdiction that uses or defines the extensions.  The use of extensions is what allows the FHIR specification to retain a core level of simplicity for everyone.","","","","","","","","",,,,,"","value:url}
","Extensions are always sliced by (at least) url",,"open","Element.extension",0,*,"","ele-1:All FHIR elements must have a @value or children {hasValue() or (children().count() > id.count())}
ext-1:Must have either extensions or value[x], not both {extension.exists() != value.exists()}"
"pdlgc-signature.Object.QualifyingProperties.SignedProperties.SignedSignatureProperties.SigningCertificateV2.IssuerSerial.modifierExtension","pdlgc-signature.Object.QualifyingProperties.SignedProperties.SignedSignatureProperties.SigningCertificateV2.IssuerSerial.modifierExtension","","extensions
user contentmodifiers","",0,*,"","Y","Y","Extension {[]} {[]}
","Extensions that cannot be ignored even if unrecognized","May be used to represent additional information that is not part of the basic definition of the element and that modifies the understanding of the element in which it is contained and/or the understanding of the containing element's descendants. Usually modifier elements provide negation or qualification. To make the use of extensions safe and manageable, there is a strict set of governance applied to the definition and use of extensions. Though any implementer can define an extension, there is a set of requirements that SHALL be met as part of the definition of the extension. Applications processing a resource are required to check for modifier extensions.

Modifier extensions SHALL NOT change the meaning of any elements on Resource or DomainResource (including cannot change the meaning of modifierExtension itself).","There can be no stigma associated with the use of extensions by any application, project, or standard - regardless of the institution or jurisdiction that uses or defines the extensions.  The use of extensions is what allows the FHIR specification to retain a core level of simplicity for everyone.","Modifier extensions allow for extensions that *cannot* be safely ignored to be clearly distinguished from the vast majority of extensions which can be safely ignored.  This promotes interoperability by eliminating the need for implementers to prohibit the presence of extensions. For further information, see the [definition of modifier extensions](http://hl7.org/fhir/R4/extensibility.html#modifierExtension).","","","","","","","",,,,,"",,,,"BackboneElement.modifierExtension",0,*,"","ele-1:All FHIR elements must have a @value or children {hasValue() or (children().count() > id.count())}
ext-1:Must have either extensions or value[x], not both {extension.exists() != value.exists()}"
"pdlgc-signature.Object.QualifyingProperties.SignedProperties.SignedSignatureProperties.SigningCertificateV2.IssuerSerial.X509IssuerName","pdlgc-signature.Object.QualifyingProperties.SignedProperties.SignedSignatureProperties.SigningCertificateV2.IssuerSerial.X509IssuerName","","","",1,1,"","","","string {[]} {[]}
","Nom de l'autorité de certification.","Nom de l'autorité de certification.","","","","","","","","","",,,,,"",,,,"pdlgc-signature.Object.QualifyingProperties.SignedProperties.SignedSignatureProperties.SigningCertificateV2.IssuerSerial.X509IssuerName",1,1,"",""
"pdlgc-signature.Object.QualifyingProperties.SignedProperties.SignedSignatureProperties.SigningCertificateV2.IssuerSerial.X509SerialNumber","pdlgc-signature.Object.QualifyingProperties.SignedProperties.SignedSignatureProperties.SigningCertificateV2.IssuerSerial.X509SerialNumber","","","",1,1,"","","","string {[]} {[]}
","Numéro de série du certificat.","Numéro de série du certificat.","","","","","","","","","",,,,,"",,,,"pdlgc-signature.Object.QualifyingProperties.SignedProperties.SignedSignatureProperties.SigningCertificateV2.IssuerSerial.X509SerialNumber",1,1,"",""
"pdlgc-signature.Object.QualifyingProperties.SignedProperties.SignedSignatureProperties.SigningCertificateV2.SignaturePolicyIdentifier","pdlgc-signature.Object.QualifyingProperties.SignedProperties.SignedSignatureProperties.SigningCertificateV2.SignaturePolicyIdentifier","","","",0,1,"","","","BackboneElement {[]} {[]}
","Politique de signature appliquée.","Politique de signature appliquée.","","","","","","","","","",,,,,"",,,,"pdlgc-signature.Object.QualifyingProperties.SignedProperties.SignedSignatureProperties.SigningCertificateV2.SignaturePolicyIdentifier",0,1,"","ele-1:All FHIR elements must have a @value or children {hasValue() or (children().count() > id.count())}
"
"pdlgc-signature.Object.QualifyingProperties.SignedProperties.SignedSignatureProperties.SigningCertificateV2.SignaturePolicyIdentifier.id","pdlgc-signature.Object.QualifyingProperties.SignedProperties.SignedSignatureProperties.SigningCertificateV2.SignaturePolicyIdentifier.id","","","",0,1,"","","","string {[]} {[]}
","Unique id for inter-element referencing","Unique id for the element within a resource (for internal references). This may be any string value that does not contain spaces.","","","","","","","","","",,,,,"",,,,"Element.id",0,1,"",""
"pdlgc-signature.Object.QualifyingProperties.SignedProperties.SignedSignatureProperties.SigningCertificateV2.SignaturePolicyIdentifier.extension","pdlgc-signature.Object.QualifyingProperties.SignedProperties.SignedSignatureProperties.SigningCertificateV2.SignaturePolicyIdentifier.extension","","extensions
user content","",0,*,"","","","Extension {[]} {[]}
","Additional content defined by implementations","May be used to represent additional information that is not part of the basic definition of the element. To make the use of extensions safe and manageable, there is a strict set of governance  applied to the definition and use of extensions. Though any implementer can define an extension, there is a set of requirements that SHALL be met as part of the definition of the extension.","There can be no stigma associated with the use of extensions by any application, project, or standard - regardless of the institution or jurisdiction that uses or defines the extensions.  The use of extensions is what allows the FHIR specification to retain a core level of simplicity for everyone.","","","","","","","","",,,,,"","value:url}
","Extensions are always sliced by (at least) url",,"open","Element.extension",0,*,"","ele-1:All FHIR elements must have a @value or children {hasValue() or (children().count() > id.count())}
ext-1:Must have either extensions or value[x], not both {extension.exists() != value.exists()}"
"pdlgc-signature.Object.QualifyingProperties.SignedProperties.SignedSignatureProperties.SigningCertificateV2.SignaturePolicyIdentifier.modifierExtension","pdlgc-signature.Object.QualifyingProperties.SignedProperties.SignedSignatureProperties.SigningCertificateV2.SignaturePolicyIdentifier.modifierExtension","","extensions
user contentmodifiers","",0,*,"","Y","Y","Extension {[]} {[]}
","Extensions that cannot be ignored even if unrecognized","May be used to represent additional information that is not part of the basic definition of the element and that modifies the understanding of the element in which it is contained and/or the understanding of the containing element's descendants. Usually modifier elements provide negation or qualification. To make the use of extensions safe and manageable, there is a strict set of governance applied to the definition and use of extensions. Though any implementer can define an extension, there is a set of requirements that SHALL be met as part of the definition of the extension. Applications processing a resource are required to check for modifier extensions.

Modifier extensions SHALL NOT change the meaning of any elements on Resource or DomainResource (including cannot change the meaning of modifierExtension itself).","There can be no stigma associated with the use of extensions by any application, project, or standard - regardless of the institution or jurisdiction that uses or defines the extensions.  The use of extensions is what allows the FHIR specification to retain a core level of simplicity for everyone.","Modifier extensions allow for extensions that *cannot* be safely ignored to be clearly distinguished from the vast majority of extensions which can be safely ignored.  This promotes interoperability by eliminating the need for implementers to prohibit the presence of extensions. For further information, see the [definition of modifier extensions](http://hl7.org/fhir/R4/extensibility.html#modifierExtension).","","","","","","","",,,,,"",,,,"BackboneElement.modifierExtension",0,*,"","ele-1:All FHIR elements must have a @value or children {hasValue() or (children().count() > id.count())}
ext-1:Must have either extensions or value[x], not both {extension.exists() != value.exists()}"
"pdlgc-signature.Object.QualifyingProperties.SignedProperties.SignedSignatureProperties.SigningCertificateV2.SignaturePolicyIdentifier.SignaturePolicyId","pdlgc-signature.Object.QualifyingProperties.SignedProperties.SignedSignatureProperties.SigningCertificateV2.SignaturePolicyIdentifier.SignaturePolicyId","","","",0,1,"","","","BackboneElement {[]} {[]}
","Politique de signature explicitement identifiée.","Politique de signature explicitement identifiée.","","","","","","","","","",,,,,"",,,,"pdlgc-signature.Object.QualifyingProperties.SignedProperties.SignedSignatureProperties.SigningCertificateV2.SignaturePolicyIdentifier.SignaturePolicyId",0,1,"","ele-1:All FHIR elements must have a @value or children {hasValue() or (children().count() > id.count())}
"
"pdlgc-signature.Object.QualifyingProperties.SignedProperties.SignedSignatureProperties.SigningCertificateV2.SignaturePolicyIdentifier.SignaturePolicyId.id","pdlgc-signature.Object.QualifyingProperties.SignedProperties.SignedSignatureProperties.SigningCertificateV2.SignaturePolicyIdentifier.SignaturePolicyId.id","","","",0,1,"","","","string {[]} {[]}
","Unique id for inter-element referencing","Unique id for the element within a resource (for internal references). This may be any string value that does not contain spaces.","","","","","","","","","",,,,,"",,,,"Element.id",0,1,"",""
"pdlgc-signature.Object.QualifyingProperties.SignedProperties.SignedSignatureProperties.SigningCertificateV2.SignaturePolicyIdentifier.SignaturePolicyId.extension","pdlgc-signature.Object.QualifyingProperties.SignedProperties.SignedSignatureProperties.SigningCertificateV2.SignaturePolicyIdentifier.SignaturePolicyId.extension","","extensions
user content","",0,*,"","","","Extension {[]} {[]}
","Additional content defined by implementations","May be used to represent additional information that is not part of the basic definition of the element. To make the use of extensions safe and manageable, there is a strict set of governance  applied to the definition and use of extensions. Though any implementer can define an extension, there is a set of requirements that SHALL be met as part of the definition of the extension.","There can be no stigma associated with the use of extensions by any application, project, or standard - regardless of the institution or jurisdiction that uses or defines the extensions.  The use of extensions is what allows the FHIR specification to retain a core level of simplicity for everyone.","","","","","","","","",,,,,"","value:url}
","Extensions are always sliced by (at least) url",,"open","Element.extension",0,*,"","ele-1:All FHIR elements must have a @value or children {hasValue() or (children().count() > id.count())}
ext-1:Must have either extensions or value[x], not both {extension.exists() != value.exists()}"
"pdlgc-signature.Object.QualifyingProperties.SignedProperties.SignedSignatureProperties.SigningCertificateV2.SignaturePolicyIdentifier.SignaturePolicyId.modifierExtension","pdlgc-signature.Object.QualifyingProperties.SignedProperties.SignedSignatureProperties.SigningCertificateV2.SignaturePolicyIdentifier.SignaturePolicyId.modifierExtension","","extensions
user contentmodifiers","",0,*,"","Y","Y","Extension {[]} {[]}
","Extensions that cannot be ignored even if unrecognized","May be used to represent additional information that is not part of the basic definition of the element and that modifies the understanding of the element in which it is contained and/or the understanding of the containing element's descendants. Usually modifier elements provide negation or qualification. To make the use of extensions safe and manageable, there is a strict set of governance applied to the definition and use of extensions. Though any implementer can define an extension, there is a set of requirements that SHALL be met as part of the definition of the extension. Applications processing a resource are required to check for modifier extensions.

Modifier extensions SHALL NOT change the meaning of any elements on Resource or DomainResource (including cannot change the meaning of modifierExtension itself).","There can be no stigma associated with the use of extensions by any application, project, or standard - regardless of the institution or jurisdiction that uses or defines the extensions.  The use of extensions is what allows the FHIR specification to retain a core level of simplicity for everyone.","Modifier extensions allow for extensions that *cannot* be safely ignored to be clearly distinguished from the vast majority of extensions which can be safely ignored.  This promotes interoperability by eliminating the need for implementers to prohibit the presence of extensions. For further information, see the [definition of modifier extensions](http://hl7.org/fhir/R4/extensibility.html#modifierExtension).","","","","","","","",,,,,"",,,,"BackboneElement.modifierExtension",0,*,"","ele-1:All FHIR elements must have a @value or children {hasValue() or (children().count() > id.count())}
ext-1:Must have either extensions or value[x], not both {extension.exists() != value.exists()}"
"pdlgc-signature.Object.QualifyingProperties.SignedProperties.SignedSignatureProperties.SigningCertificateV2.SignaturePolicyIdentifier.SignaturePolicyId.SigPolicyId","pdlgc-signature.Object.QualifyingProperties.SignedProperties.SignedSignatureProperties.SigningCertificateV2.SignaturePolicyIdentifier.SignaturePolicyId.SigPolicyId","","","",1,1,"","","","string {[]} {[]}
","Identifiant de la politique.","Identifiant de la politique.","","","","","","","","","",,,,,"",,,,"pdlgc-signature.Object.QualifyingProperties.SignedProperties.SignedSignatureProperties.SigningCertificateV2.SignaturePolicyIdentifier.SignaturePolicyId.SigPolicyId",1,1,"",""
"pdlgc-signature.Object.QualifyingProperties.SignedProperties.SignedSignatureProperties.SigningCertificateV2.SignaturePolicyIdentifier.SignaturePolicyId.SigPolicyHash","pdlgc-signature.Object.QualifyingProperties.SignedProperties.SignedSignatureProperties.SigningCertificateV2.SignaturePolicyIdentifier.SignaturePolicyId.SigPolicyHash","","","",1,1,"","","","BackboneElement {[]} {[]}
","Empreinte de la politique.","Empreinte de la politique.","","","","","","","","","",,,,,"",,,,"pdlgc-signature.Object.QualifyingProperties.SignedProperties.SignedSignatureProperties.SigningCertificateV2.SignaturePolicyIdentifier.SignaturePolicyId.SigPolicyHash",1,1,"","ele-1:All FHIR elements must have a @value or children {hasValue() or (children().count() > id.count())}
"
"pdlgc-signature.Object.QualifyingProperties.SignedProperties.SignedSignatureProperties.SigningCertificateV2.SignaturePolicyIdentifier.SignaturePolicyId.SigPolicyHash.id","pdlgc-signature.Object.QualifyingProperties.SignedProperties.SignedSignatureProperties.SigningCertificateV2.SignaturePolicyIdentifier.SignaturePolicyId.SigPolicyHash.id","","","",0,1,"","","","string {[]} {[]}
","Unique id for inter-element referencing","Unique id for the element within a resource (for internal references). This may be any string value that does not contain spaces.","","","","","","","","","",,,,,"",,,,"Element.id",0,1,"",""
"pdlgc-signature.Object.QualifyingProperties.SignedProperties.SignedSignatureProperties.SigningCertificateV2.SignaturePolicyIdentifier.SignaturePolicyId.SigPolicyHash.extension","pdlgc-signature.Object.QualifyingProperties.SignedProperties.SignedSignatureProperties.SigningCertificateV2.SignaturePolicyIdentifier.SignaturePolicyId.SigPolicyHash.extension","","extensions
user content","",0,*,"","","","Extension {[]} {[]}
","Additional content defined by implementations","May be used to represent additional information that is not part of the basic definition of the element. To make the use of extensions safe and manageable, there is a strict set of governance  applied to the definition and use of extensions. Though any implementer can define an extension, there is a set of requirements that SHALL be met as part of the definition of the extension.","There can be no stigma associated with the use of extensions by any application, project, or standard - regardless of the institution or jurisdiction that uses or defines the extensions.  The use of extensions is what allows the FHIR specification to retain a core level of simplicity for everyone.","","","","","","","","",,,,,"","value:url}
","Extensions are always sliced by (at least) url",,"open","Element.extension",0,*,"","ele-1:All FHIR elements must have a @value or children {hasValue() or (children().count() > id.count())}
ext-1:Must have either extensions or value[x], not both {extension.exists() != value.exists()}"
"pdlgc-signature.Object.QualifyingProperties.SignedProperties.SignedSignatureProperties.SigningCertificateV2.SignaturePolicyIdentifier.SignaturePolicyId.SigPolicyHash.modifierExtension","pdlgc-signature.Object.QualifyingProperties.SignedProperties.SignedSignatureProperties.SigningCertificateV2.SignaturePolicyIdentifier.SignaturePolicyId.SigPolicyHash.modifierExtension","","extensions
user contentmodifiers","",0,*,"","Y","Y","Extension {[]} {[]}
","Extensions that cannot be ignored even if unrecognized","May be used to represent additional information that is not part of the basic definition of the element and that modifies the understanding of the element in which it is contained and/or the understanding of the containing element's descendants. Usually modifier elements provide negation or qualification. To make the use of extensions safe and manageable, there is a strict set of governance applied to the definition and use of extensions. Though any implementer can define an extension, there is a set of requirements that SHALL be met as part of the definition of the extension. Applications processing a resource are required to check for modifier extensions.

Modifier extensions SHALL NOT change the meaning of any elements on Resource or DomainResource (including cannot change the meaning of modifierExtension itself).","There can be no stigma associated with the use of extensions by any application, project, or standard - regardless of the institution or jurisdiction that uses or defines the extensions.  The use of extensions is what allows the FHIR specification to retain a core level of simplicity for everyone.","Modifier extensions allow for extensions that *cannot* be safely ignored to be clearly distinguished from the vast majority of extensions which can be safely ignored.  This promotes interoperability by eliminating the need for implementers to prohibit the presence of extensions. For further information, see the [definition of modifier extensions](http://hl7.org/fhir/R4/extensibility.html#modifierExtension).","","","","","","","",,,,,"",,,,"BackboneElement.modifierExtension",0,*,"","ele-1:All FHIR elements must have a @value or children {hasValue() or (children().count() > id.count())}
ext-1:Must have either extensions or value[x], not both {extension.exists() != value.exists()}"
"pdlgc-signature.Object.QualifyingProperties.SignedProperties.SignedSignatureProperties.SigningCertificateV2.SignaturePolicyIdentifier.SignaturePolicyId.SigPolicyHash.DigestMethod","pdlgc-signature.Object.QualifyingProperties.SignedProperties.SignedSignatureProperties.SigningCertificateV2.SignaturePolicyIdentifier.SignaturePolicyId.SigPolicyHash.DigestMethod","","","",1,1,"","","","uri {[]} {[]}
","Algorithme de calcul de l'empreinte.","Algorithme de calcul de l'empreinte.","","","","","","","","","",,,,,"",,,,"pdlgc-signature.Object.QualifyingProperties.SignedProperties.SignedSignatureProperties.SigningCertificateV2.SignaturePolicyIdentifier.SignaturePolicyId.SigPolicyHash.DigestMethod",1,1,"",""
"pdlgc-signature.Object.QualifyingProperties.SignedProperties.SignedSignatureProperties.SigningCertificateV2.SignaturePolicyIdentifier.SignaturePolicyId.SigPolicyHash.DigestValue","pdlgc-signature.Object.QualifyingProperties.SignedProperties.SignedSignatureProperties.SigningCertificateV2.SignaturePolicyIdentifier.SignaturePolicyId.SigPolicyHash.DigestValue","","","",1,1,"","","","base64Binary {[]} {[]}
","Empreinte de la politique.","Empreinte de la politique.","","","","","","","","","",,,,,"",,,,"pdlgc-signature.Object.QualifyingProperties.SignedProperties.SignedSignatureProperties.SigningCertificateV2.SignaturePolicyIdentifier.SignaturePolicyId.SigPolicyHash.DigestValue",1,1,"",""
"pdlgc-signature.Object.QualifyingProperties.SignedProperties.SignedSignatureProperties.SigningCertificateV2.SignaturePolicyIdentifier.SignaturePolicyImplied","pdlgc-signature.Object.QualifyingProperties.SignedProperties.SignedSignatureProperties.SigningCertificateV2.SignaturePolicyIdentifier.SignaturePolicyImplied","","","",0,1,"","","","boolean {[]} {[]}
","Indique que la politique de signature est implicite.","Indique que la politique de signature est implicite.","","","","","","","","","",,,,,"",,,,"pdlgc-signature.Object.QualifyingProperties.SignedProperties.SignedSignatureProperties.SigningCertificateV2.SignaturePolicyIdentifier.SignaturePolicyImplied",0,1,"",""
"pdlgc-signature.Object.QualifyingProperties.SignedProperties.SignedSignatureProperties.SigningCertificateV2.SignatureProductionPlace","pdlgc-signature.Object.QualifyingProperties.SignedProperties.SignedSignatureProperties.SigningCertificateV2.SignatureProductionPlace","","","",0,1,"","","","BackboneElement {[]} {[]}
","Lieu déclaré de création de la signature.","Lieu déclaré de création de la signature.","","","","","","","","","",,,,,"",,,,"pdlgc-signature.Object.QualifyingProperties.SignedProperties.SignedSignatureProperties.SigningCertificateV2.SignatureProductionPlace",0,1,"","ele-1:All FHIR elements must have a @value or children {hasValue() or (children().count() > id.count())}
"
"pdlgc-signature.Object.QualifyingProperties.SignedProperties.SignedSignatureProperties.SigningCertificateV2.SignatureProductionPlace.id","pdlgc-signature.Object.QualifyingProperties.SignedProperties.SignedSignatureProperties.SigningCertificateV2.SignatureProductionPlace.id","","","",0,1,"","","","string {[]} {[]}
","Unique id for inter-element referencing","Unique id for the element within a resource (for internal references). This may be any string value that does not contain spaces.","","","","","","","","","",,,,,"",,,,"Element.id",0,1,"",""
"pdlgc-signature.Object.QualifyingProperties.SignedProperties.SignedSignatureProperties.SigningCertificateV2.SignatureProductionPlace.extension","pdlgc-signature.Object.QualifyingProperties.SignedProperties.SignedSignatureProperties.SigningCertificateV2.SignatureProductionPlace.extension","","extensions
user content","",0,*,"","","","Extension {[]} {[]}
","Additional content defined by implementations","May be used to represent additional information that is not part of the basic definition of the element. To make the use of extensions safe and manageable, there is a strict set of governance  applied to the definition and use of extensions. Though any implementer can define an extension, there is a set of requirements that SHALL be met as part of the definition of the extension.","There can be no stigma associated with the use of extensions by any application, project, or standard - regardless of the institution or jurisdiction that uses or defines the extensions.  The use of extensions is what allows the FHIR specification to retain a core level of simplicity for everyone.","","","","","","","","",,,,,"","value:url}
","Extensions are always sliced by (at least) url",,"open","Element.extension",0,*,"","ele-1:All FHIR elements must have a @value or children {hasValue() or (children().count() > id.count())}
ext-1:Must have either extensions or value[x], not both {extension.exists() != value.exists()}"
"pdlgc-signature.Object.QualifyingProperties.SignedProperties.SignedSignatureProperties.SigningCertificateV2.SignatureProductionPlace.modifierExtension","pdlgc-signature.Object.QualifyingProperties.SignedProperties.SignedSignatureProperties.SigningCertificateV2.SignatureProductionPlace.modifierExtension","","extensions
user contentmodifiers","",0,*,"","Y","Y","Extension {[]} {[]}
","Extensions that cannot be ignored even if unrecognized","May be used to represent additional information that is not part of the basic definition of the element and that modifies the understanding of the element in which it is contained and/or the understanding of the containing element's descendants. Usually modifier elements provide negation or qualification. To make the use of extensions safe and manageable, there is a strict set of governance applied to the definition and use of extensions. Though any implementer can define an extension, there is a set of requirements that SHALL be met as part of the definition of the extension. Applications processing a resource are required to check for modifier extensions.

Modifier extensions SHALL NOT change the meaning of any elements on Resource or DomainResource (including cannot change the meaning of modifierExtension itself).","There can be no stigma associated with the use of extensions by any application, project, or standard - regardless of the institution or jurisdiction that uses or defines the extensions.  The use of extensions is what allows the FHIR specification to retain a core level of simplicity for everyone.","Modifier extensions allow for extensions that *cannot* be safely ignored to be clearly distinguished from the vast majority of extensions which can be safely ignored.  This promotes interoperability by eliminating the need for implementers to prohibit the presence of extensions. For further information, see the [definition of modifier extensions](http://hl7.org/fhir/R4/extensibility.html#modifierExtension).","","","","","","","",,,,,"",,,,"BackboneElement.modifierExtension",0,*,"","ele-1:All FHIR elements must have a @value or children {hasValue() or (children().count() > id.count())}
ext-1:Must have either extensions or value[x], not both {extension.exists() != value.exists()}"
"pdlgc-signature.Object.QualifyingProperties.SignedProperties.SignedSignatureProperties.SigningCertificateV2.SignatureProductionPlace.City","pdlgc-signature.Object.QualifyingProperties.SignedProperties.SignedSignatureProperties.SigningCertificateV2.SignatureProductionPlace.City","","","",0,1,"","","","string {[]} {[]}
","Ville.","Ville.","","","","","","","","","",,,,,"",,,,"pdlgc-signature.Object.QualifyingProperties.SignedProperties.SignedSignatureProperties.SigningCertificateV2.SignatureProductionPlace.City",0,1,"",""
"pdlgc-signature.Object.QualifyingProperties.SignedProperties.SignedSignatureProperties.SigningCertificateV2.SignatureProductionPlace.StateOrProvince","pdlgc-signature.Object.QualifyingProperties.SignedProperties.SignedSignatureProperties.SigningCertificateV2.SignatureProductionPlace.StateOrProvince","","","",0,1,"","","","string {[]} {[]}
","État ou région.","État ou région.","","","","","","","","","",,,,,"",,,,"pdlgc-signature.Object.QualifyingProperties.SignedProperties.SignedSignatureProperties.SigningCertificateV2.SignatureProductionPlace.StateOrProvince",0,1,"",""
"pdlgc-signature.Object.QualifyingProperties.SignedProperties.SignedSignatureProperties.SigningCertificateV2.SignatureProductionPlace.PostalCode","pdlgc-signature.Object.QualifyingProperties.SignedProperties.SignedSignatureProperties.SigningCertificateV2.SignatureProductionPlace.PostalCode","","","",0,1,"","","","string {[]} {[]}
","Code postal.","Code postal.","","","","","","","","","",,,,,"",,,,"pdlgc-signature.Object.QualifyingProperties.SignedProperties.SignedSignatureProperties.SigningCertificateV2.SignatureProductionPlace.PostalCode",0,1,"",""
"pdlgc-signature.Object.QualifyingProperties.SignedProperties.SignedSignatureProperties.SigningCertificateV2.SignatureProductionPlace.CountryName","pdlgc-signature.Object.QualifyingProperties.SignedProperties.SignedSignatureProperties.SigningCertificateV2.SignatureProductionPlace.CountryName","","","",0,1,"","","","string {[]} {[]}
","Pays.","Pays.","","","","","","","","","",,,,,"",,,,"pdlgc-signature.Object.QualifyingProperties.SignedProperties.SignedSignatureProperties.SigningCertificateV2.SignatureProductionPlace.CountryName",0,1,"",""
"pdlgc-signature.Object.QualifyingProperties.SignedProperties.SignedSignatureProperties.SigningCertificateV2.SignerRole","pdlgc-signature.Object.QualifyingProperties.SignedProperties.SignedSignatureProperties.SigningCertificateV2.SignerRole","","","",0,1,"","","","BackboneElement {[]} {[]}
","Rôle déclaré du signataire.","Rôle déclaré du signataire.","","","","","","","","","",,,,,"",,,,"pdlgc-signature.Object.QualifyingProperties.SignedProperties.SignedSignatureProperties.SigningCertificateV2.SignerRole",0,1,"","ele-1:All FHIR elements must have a @value or children {hasValue() or (children().count() > id.count())}
"
"pdlgc-signature.Object.QualifyingProperties.SignedProperties.SignedSignatureProperties.SigningCertificateV2.SignerRole.id","pdlgc-signature.Object.QualifyingProperties.SignedProperties.SignedSignatureProperties.SigningCertificateV2.SignerRole.id","","","",0,1,"","","","string {[]} {[]}
","Unique id for inter-element referencing","Unique id for the element within a resource (for internal references). This may be any string value that does not contain spaces.","","","","","","","","","",,,,,"",,,,"Element.id",0,1,"",""
"pdlgc-signature.Object.QualifyingProperties.SignedProperties.SignedSignatureProperties.SigningCertificateV2.SignerRole.extension","pdlgc-signature.Object.QualifyingProperties.SignedProperties.SignedSignatureProperties.SigningCertificateV2.SignerRole.extension","","extensions
user content","",0,*,"","","","Extension {[]} {[]}
","Additional content defined by implementations","May be used to represent additional information that is not part of the basic definition of the element. To make the use of extensions safe and manageable, there is a strict set of governance  applied to the definition and use of extensions. Though any implementer can define an extension, there is a set of requirements that SHALL be met as part of the definition of the extension.","There can be no stigma associated with the use of extensions by any application, project, or standard - regardless of the institution or jurisdiction that uses or defines the extensions.  The use of extensions is what allows the FHIR specification to retain a core level of simplicity for everyone.","","","","","","","","",,,,,"","value:url}
","Extensions are always sliced by (at least) url",,"open","Element.extension",0,*,"","ele-1:All FHIR elements must have a @value or children {hasValue() or (children().count() > id.count())}
ext-1:Must have either extensions or value[x], not both {extension.exists() != value.exists()}"
"pdlgc-signature.Object.QualifyingProperties.SignedProperties.SignedSignatureProperties.SigningCertificateV2.SignerRole.modifierExtension","pdlgc-signature.Object.QualifyingProperties.SignedProperties.SignedSignatureProperties.SigningCertificateV2.SignerRole.modifierExtension","","extensions
user contentmodifiers","",0,*,"","Y","Y","Extension {[]} {[]}
","Extensions that cannot be ignored even if unrecognized","May be used to represent additional information that is not part of the basic definition of the element and that modifies the understanding of the element in which it is contained and/or the understanding of the containing element's descendants. Usually modifier elements provide negation or qualification. To make the use of extensions safe and manageable, there is a strict set of governance applied to the definition and use of extensions. Though any implementer can define an extension, there is a set of requirements that SHALL be met as part of the definition of the extension. Applications processing a resource are required to check for modifier extensions.

Modifier extensions SHALL NOT change the meaning of any elements on Resource or DomainResource (including cannot change the meaning of modifierExtension itself).","There can be no stigma associated with the use of extensions by any application, project, or standard - regardless of the institution or jurisdiction that uses or defines the extensions.  The use of extensions is what allows the FHIR specification to retain a core level of simplicity for everyone.","Modifier extensions allow for extensions that *cannot* be safely ignored to be clearly distinguished from the vast majority of extensions which can be safely ignored.  This promotes interoperability by eliminating the need for implementers to prohibit the presence of extensions. For further information, see the [definition of modifier extensions](http://hl7.org/fhir/R4/extensibility.html#modifierExtension).","","","","","","","",,,,,"",,,,"BackboneElement.modifierExtension",0,*,"","ele-1:All FHIR elements must have a @value or children {hasValue() or (children().count() > id.count())}
ext-1:Must have either extensions or value[x], not both {extension.exists() != value.exists()}"
"pdlgc-signature.Object.QualifyingProperties.SignedProperties.SignedSignatureProperties.SigningCertificateV2.SignerRole.ClaimedRoles","pdlgc-signature.Object.QualifyingProperties.SignedProperties.SignedSignatureProperties.SigningCertificateV2.SignerRole.ClaimedRoles","","","",0,1,"","","","BackboneElement {[]} {[]}
","Rôles déclarés par le signataire.","Rôles déclarés par le signataire.","","","","","","","","","",,,,,"",,,,"pdlgc-signature.Object.QualifyingProperties.SignedProperties.SignedSignatureProperties.SigningCertificateV2.SignerRole.ClaimedRoles",0,1,"","ele-1:All FHIR elements must have a @value or children {hasValue() or (children().count() > id.count())}
"
"pdlgc-signature.Object.QualifyingProperties.SignedProperties.SignedSignatureProperties.SigningCertificateV2.SignerRole.ClaimedRoles.id","pdlgc-signature.Object.QualifyingProperties.SignedProperties.SignedSignatureProperties.SigningCertificateV2.SignerRole.ClaimedRoles.id","","","",0,1,"","","","string {[]} {[]}
","Unique id for inter-element referencing","Unique id for the element within a resource (for internal references). This may be any string value that does not contain spaces.","","","","","","","","","",,,,,"",,,,"Element.id",0,1,"",""
"pdlgc-signature.Object.QualifyingProperties.SignedProperties.SignedSignatureProperties.SigningCertificateV2.SignerRole.ClaimedRoles.extension","pdlgc-signature.Object.QualifyingProperties.SignedProperties.SignedSignatureProperties.SigningCertificateV2.SignerRole.ClaimedRoles.extension","","extensions
user content","",0,*,"","","","Extension {[]} {[]}
","Additional content defined by implementations","May be used to represent additional information that is not part of the basic definition of the element. To make the use of extensions safe and manageable, there is a strict set of governance  applied to the definition and use of extensions. Though any implementer can define an extension, there is a set of requirements that SHALL be met as part of the definition of the extension.","There can be no stigma associated with the use of extensions by any application, project, or standard - regardless of the institution or jurisdiction that uses or defines the extensions.  The use of extensions is what allows the FHIR specification to retain a core level of simplicity for everyone.","","","","","","","","",,,,,"","value:url}
","Extensions are always sliced by (at least) url",,"open","Element.extension",0,*,"","ele-1:All FHIR elements must have a @value or children {hasValue() or (children().count() > id.count())}
ext-1:Must have either extensions or value[x], not both {extension.exists() != value.exists()}"
"pdlgc-signature.Object.QualifyingProperties.SignedProperties.SignedSignatureProperties.SigningCertificateV2.SignerRole.ClaimedRoles.modifierExtension","pdlgc-signature.Object.QualifyingProperties.SignedProperties.SignedSignatureProperties.SigningCertificateV2.SignerRole.ClaimedRoles.modifierExtension","","extensions
user contentmodifiers","",0,*,"","Y","Y","Extension {[]} {[]}
","Extensions that cannot be ignored even if unrecognized","May be used to represent additional information that is not part of the basic definition of the element and that modifies the understanding of the element in which it is contained and/or the understanding of the containing element's descendants. Usually modifier elements provide negation or qualification. To make the use of extensions safe and manageable, there is a strict set of governance applied to the definition and use of extensions. Though any implementer can define an extension, there is a set of requirements that SHALL be met as part of the definition of the extension. Applications processing a resource are required to check for modifier extensions.

Modifier extensions SHALL NOT change the meaning of any elements on Resource or DomainResource (including cannot change the meaning of modifierExtension itself).","There can be no stigma associated with the use of extensions by any application, project, or standard - regardless of the institution or jurisdiction that uses or defines the extensions.  The use of extensions is what allows the FHIR specification to retain a core level of simplicity for everyone.","Modifier extensions allow for extensions that *cannot* be safely ignored to be clearly distinguished from the vast majority of extensions which can be safely ignored.  This promotes interoperability by eliminating the need for implementers to prohibit the presence of extensions. For further information, see the [definition of modifier extensions](http://hl7.org/fhir/R4/extensibility.html#modifierExtension).","","","","","","","",,,,,"",,,,"BackboneElement.modifierExtension",0,*,"","ele-1:All FHIR elements must have a @value or children {hasValue() or (children().count() > id.count())}
ext-1:Must have either extensions or value[x], not both {extension.exists() != value.exists()}"
"pdlgc-signature.Object.QualifyingProperties.SignedProperties.SignedSignatureProperties.SigningCertificateV2.SignerRole.ClaimedRoles.ClaimedRole","pdlgc-signature.Object.QualifyingProperties.SignedProperties.SignedSignatureProperties.SigningCertificateV2.SignerRole.ClaimedRoles.ClaimedRole","","","",1,*,"","","","string {[]} {[]}
","Libellé du rôle déclaré.","Libellé du rôle déclaré.","","","","","","","","","",,,,,"",,,,"pdlgc-signature.Object.QualifyingProperties.SignedProperties.SignedSignatureProperties.SigningCertificateV2.SignerRole.ClaimedRoles.ClaimedRole",1,*,"",""
"pdlgc-signature.Object.QualifyingProperties.SignedProperties.SignedSignatureProperties.SigningCertificateV2.SignerRole.CertifiedRoles","pdlgc-signature.Object.QualifyingProperties.SignedProperties.SignedSignatureProperties.SigningCertificateV2.SignerRole.CertifiedRoles","","","",0,1,"","","","BackboneElement {[]} {[]}
","Rôles certifiés.","Rôles certifiés.","","","","","","","","","",,,,,"",,,,"pdlgc-signature.Object.QualifyingProperties.SignedProperties.SignedSignatureProperties.SigningCertificateV2.SignerRole.CertifiedRoles",0,1,"","ele-1:All FHIR elements must have a @value or children {hasValue() or (children().count() > id.count())}
"
"pdlgc-signature.Object.QualifyingProperties.SignedProperties.SignedSignatureProperties.SigningCertificateV2.SignerRole.CertifiedRoles.id","pdlgc-signature.Object.QualifyingProperties.SignedProperties.SignedSignatureProperties.SigningCertificateV2.SignerRole.CertifiedRoles.id","","","",0,1,"","","","string {[]} {[]}
","Unique id for inter-element referencing","Unique id for the element within a resource (for internal references). This may be any string value that does not contain spaces.","","","","","","","","","",,,,,"",,,,"Element.id",0,1,"",""
"pdlgc-signature.Object.QualifyingProperties.SignedProperties.SignedSignatureProperties.SigningCertificateV2.SignerRole.CertifiedRoles.extension","pdlgc-signature.Object.QualifyingProperties.SignedProperties.SignedSignatureProperties.SigningCertificateV2.SignerRole.CertifiedRoles.extension","","extensions
user content","",0,*,"","","","Extension {[]} {[]}
","Additional content defined by implementations","May be used to represent additional information that is not part of the basic definition of the element. To make the use of extensions safe and manageable, there is a strict set of governance  applied to the definition and use of extensions. Though any implementer can define an extension, there is a set of requirements that SHALL be met as part of the definition of the extension.","There can be no stigma associated with the use of extensions by any application, project, or standard - regardless of the institution or jurisdiction that uses or defines the extensions.  The use of extensions is what allows the FHIR specification to retain a core level of simplicity for everyone.","","","","","","","","",,,,,"","value:url}
","Extensions are always sliced by (at least) url",,"open","Element.extension",0,*,"","ele-1:All FHIR elements must have a @value or children {hasValue() or (children().count() > id.count())}
ext-1:Must have either extensions or value[x], not both {extension.exists() != value.exists()}"
"pdlgc-signature.Object.QualifyingProperties.SignedProperties.SignedSignatureProperties.SigningCertificateV2.SignerRole.CertifiedRoles.modifierExtension","pdlgc-signature.Object.QualifyingProperties.SignedProperties.SignedSignatureProperties.SigningCertificateV2.SignerRole.CertifiedRoles.modifierExtension","","extensions
user contentmodifiers","",0,*,"","Y","Y","Extension {[]} {[]}
","Extensions that cannot be ignored even if unrecognized","May be used to represent additional information that is not part of the basic definition of the element and that modifies the understanding of the element in which it is contained and/or the understanding of the containing element's descendants. Usually modifier elements provide negation or qualification. To make the use of extensions safe and manageable, there is a strict set of governance applied to the definition and use of extensions. Though any implementer can define an extension, there is a set of requirements that SHALL be met as part of the definition of the extension. Applications processing a resource are required to check for modifier extensions.

Modifier extensions SHALL NOT change the meaning of any elements on Resource or DomainResource (including cannot change the meaning of modifierExtension itself).","There can be no stigma associated with the use of extensions by any application, project, or standard - regardless of the institution or jurisdiction that uses or defines the extensions.  The use of extensions is what allows the FHIR specification to retain a core level of simplicity for everyone.","Modifier extensions allow for extensions that *cannot* be safely ignored to be clearly distinguished from the vast majority of extensions which can be safely ignored.  This promotes interoperability by eliminating the need for implementers to prohibit the presence of extensions. For further information, see the [definition of modifier extensions](http://hl7.org/fhir/R4/extensibility.html#modifierExtension).","","","","","","","",,,,,"",,,,"BackboneElement.modifierExtension",0,*,"","ele-1:All FHIR elements must have a @value or children {hasValue() or (children().count() > id.count())}
ext-1:Must have either extensions or value[x], not both {extension.exists() != value.exists()}"
"pdlgc-signature.Object.QualifyingProperties.SignedProperties.SignedSignatureProperties.SigningCertificateV2.SignerRole.CertifiedRoles.CertifiedRole","pdlgc-signature.Object.QualifyingProperties.SignedProperties.SignedSignatureProperties.SigningCertificateV2.SignerRole.CertifiedRoles.CertifiedRole","","","",1,*,"","","","string {[]} {[]}
","Rôle certifié.","Rôle certifié.","","","","","","","","","",,,,,"",,,,"pdlgc-signature.Object.QualifyingProperties.SignedProperties.SignedSignatureProperties.SigningCertificateV2.SignerRole.CertifiedRoles.CertifiedRole",1,*,"",""
"pdlgc-signature.Object.QualifyingProperties.SignedProperties.SignedDataObjectProperties","pdlgc-signature.Object.QualifyingProperties.SignedProperties.SignedDataObjectProperties","","","",0,1,"","","","BackboneElement {[]} {[]}
","Propriétés des objets signés","Propriétés des objets signés","","","","","","","","","",,,,,"",,,,"pdlgc-signature.Object.QualifyingProperties.SignedProperties.SignedDataObjectProperties",0,1,"","ele-1:All FHIR elements must have a @value or children {hasValue() or (children().count() > id.count())}
"
"pdlgc-signature.Object.QualifyingProperties.SignedProperties.SignedDataObjectProperties.id","pdlgc-signature.Object.QualifyingProperties.SignedProperties.SignedDataObjectProperties.id","","","",0,1,"","","","string {[]} {[]}
","Unique id for inter-element referencing","Unique id for the element within a resource (for internal references). This may be any string value that does not contain spaces.","","","","","","","","","",,,,,"",,,,"Element.id",0,1,"",""
"pdlgc-signature.Object.QualifyingProperties.SignedProperties.SignedDataObjectProperties.extension","pdlgc-signature.Object.QualifyingProperties.SignedProperties.SignedDataObjectProperties.extension","","extensions
user content","",0,*,"","","","Extension {[]} {[]}
","Additional content defined by implementations","May be used to represent additional information that is not part of the basic definition of the element. To make the use of extensions safe and manageable, there is a strict set of governance  applied to the definition and use of extensions. Though any implementer can define an extension, there is a set of requirements that SHALL be met as part of the definition of the extension.","There can be no stigma associated with the use of extensions by any application, project, or standard - regardless of the institution or jurisdiction that uses or defines the extensions.  The use of extensions is what allows the FHIR specification to retain a core level of simplicity for everyone.","","","","","","","","",,,,,"","value:url}
","Extensions are always sliced by (at least) url",,"open","Element.extension",0,*,"","ele-1:All FHIR elements must have a @value or children {hasValue() or (children().count() > id.count())}
ext-1:Must have either extensions or value[x], not both {extension.exists() != value.exists()}"
"pdlgc-signature.Object.QualifyingProperties.SignedProperties.SignedDataObjectProperties.modifierExtension","pdlgc-signature.Object.QualifyingProperties.SignedProperties.SignedDataObjectProperties.modifierExtension","","extensions
user contentmodifiers","",0,*,"","Y","Y","Extension {[]} {[]}
","Extensions that cannot be ignored even if unrecognized","May be used to represent additional information that is not part of the basic definition of the element and that modifies the understanding of the element in which it is contained and/or the understanding of the containing element's descendants. Usually modifier elements provide negation or qualification. To make the use of extensions safe and manageable, there is a strict set of governance applied to the definition and use of extensions. Though any implementer can define an extension, there is a set of requirements that SHALL be met as part of the definition of the extension. Applications processing a resource are required to check for modifier extensions.

Modifier extensions SHALL NOT change the meaning of any elements on Resource or DomainResource (including cannot change the meaning of modifierExtension itself).","There can be no stigma associated with the use of extensions by any application, project, or standard - regardless of the institution or jurisdiction that uses or defines the extensions.  The use of extensions is what allows the FHIR specification to retain a core level of simplicity for everyone.","Modifier extensions allow for extensions that *cannot* be safely ignored to be clearly distinguished from the vast majority of extensions which can be safely ignored.  This promotes interoperability by eliminating the need for implementers to prohibit the presence of extensions. For further information, see the [definition of modifier extensions](http://hl7.org/fhir/R4/extensibility.html#modifierExtension).","","","","","","","",,,,,"",,,,"BackboneElement.modifierExtension",0,*,"","ele-1:All FHIR elements must have a @value or children {hasValue() or (children().count() > id.count())}
ext-1:Must have either extensions or value[x], not both {extension.exists() != value.exists()}"
"pdlgc-signature.Object.QualifyingProperties.SignedProperties.SignedDataObjectProperties.DataObjectFormat","pdlgc-signature.Object.QualifyingProperties.SignedProperties.SignedDataObjectProperties.DataObjectFormat","","","",0,*,"","","","BackboneElement {[]} {[]}
","Format des objets signés référencés","Format des objets signés référencés","","","","","","","","","",,,,,"",,,,"pdlgc-signature.Object.QualifyingProperties.SignedProperties.SignedDataObjectProperties.DataObjectFormat",0,*,"","ele-1:All FHIR elements must have a @value or children {hasValue() or (children().count() > id.count())}
"
"pdlgc-signature.Object.QualifyingProperties.SignedProperties.SignedDataObjectProperties.DataObjectFormat.id","pdlgc-signature.Object.QualifyingProperties.SignedProperties.SignedDataObjectProperties.DataObjectFormat.id","","","",0,1,"","","","string {[]} {[]}
","Unique id for inter-element referencing","Unique id for the element within a resource (for internal references). This may be any string value that does not contain spaces.","","","","","","","","","",,,,,"",,,,"Element.id",0,1,"",""
"pdlgc-signature.Object.QualifyingProperties.SignedProperties.SignedDataObjectProperties.DataObjectFormat.extension","pdlgc-signature.Object.QualifyingProperties.SignedProperties.SignedDataObjectProperties.DataObjectFormat.extension","","extensions
user content","",0,*,"","","","Extension {[]} {[]}
","Additional content defined by implementations","May be used to represent additional information that is not part of the basic definition of the element. To make the use of extensions safe and manageable, there is a strict set of governance  applied to the definition and use of extensions. Though any implementer can define an extension, there is a set of requirements that SHALL be met as part of the definition of the extension.","There can be no stigma associated with the use of extensions by any application, project, or standard - regardless of the institution or jurisdiction that uses or defines the extensions.  The use of extensions is what allows the FHIR specification to retain a core level of simplicity for everyone.","","","","","","","","",,,,,"","value:url}
","Extensions are always sliced by (at least) url",,"open","Element.extension",0,*,"","ele-1:All FHIR elements must have a @value or children {hasValue() or (children().count() > id.count())}
ext-1:Must have either extensions or value[x], not both {extension.exists() != value.exists()}"
"pdlgc-signature.Object.QualifyingProperties.SignedProperties.SignedDataObjectProperties.DataObjectFormat.modifierExtension","pdlgc-signature.Object.QualifyingProperties.SignedProperties.SignedDataObjectProperties.DataObjectFormat.modifierExtension","","extensions
user contentmodifiers","",0,*,"","Y","Y","Extension {[]} {[]}
","Extensions that cannot be ignored even if unrecognized","May be used to represent additional information that is not part of the basic definition of the element and that modifies the understanding of the element in which it is contained and/or the understanding of the containing element's descendants. Usually modifier elements provide negation or qualification. To make the use of extensions safe and manageable, there is a strict set of governance applied to the definition and use of extensions. Though any implementer can define an extension, there is a set of requirements that SHALL be met as part of the definition of the extension. Applications processing a resource are required to check for modifier extensions.

Modifier extensions SHALL NOT change the meaning of any elements on Resource or DomainResource (including cannot change the meaning of modifierExtension itself).","There can be no stigma associated with the use of extensions by any application, project, or standard - regardless of the institution or jurisdiction that uses or defines the extensions.  The use of extensions is what allows the FHIR specification to retain a core level of simplicity for everyone.","Modifier extensions allow for extensions that *cannot* be safely ignored to be clearly distinguished from the vast majority of extensions which can be safely ignored.  This promotes interoperability by eliminating the need for implementers to prohibit the presence of extensions. For further information, see the [definition of modifier extensions](http://hl7.org/fhir/R4/extensibility.html#modifierExtension).","","","","","","","",,,,,"",,,,"BackboneElement.modifierExtension",0,*,"","ele-1:All FHIR elements must have a @value or children {hasValue() or (children().count() > id.count())}
ext-1:Must have either extensions or value[x], not both {extension.exists() != value.exists()}"
"pdlgc-signature.Object.QualifyingProperties.SignedProperties.SignedDataObjectProperties.DataObjectFormat.ObjectReference","pdlgc-signature.Object.QualifyingProperties.SignedProperties.SignedDataObjectProperties.DataObjectFormat.ObjectReference","","","",1,1,"","","","string {[]} {[]}
","Référence à l'élément Reference concerné","Référence à l'élément Reference concerné","","","","","","","","","",,,,,"",,,,"pdlgc-signature.Object.QualifyingProperties.SignedProperties.SignedDataObjectProperties.DataObjectFormat.ObjectReference",1,1,"",""
"pdlgc-signature.Object.QualifyingProperties.SignedProperties.SignedDataObjectProperties.DataObjectFormat.MimeType","pdlgc-signature.Object.QualifyingProperties.SignedProperties.SignedDataObjectProperties.DataObjectFormat.MimeType","","","",1,1,"","","","string {[]} {[]}
","Type MIME de l'objet signé","Type MIME de l'objet signé","","","","","","","","","",,,,,"",,,,"pdlgc-signature.Object.QualifyingProperties.SignedProperties.SignedDataObjectProperties.DataObjectFormat.MimeType",1,1,"",""
"pdlgc-signature.Object.QualifyingProperties.SignedProperties.SignedDataObjectProperties.DataObjectFormat.Description","pdlgc-signature.Object.QualifyingProperties.SignedProperties.SignedDataObjectProperties.DataObjectFormat.Description","","","",0,1,"","","","string {[]} {[]}
","Description de l'objet signé","Description de l'objet signé","","","","","","","","","",,,,,"",,,,"pdlgc-signature.Object.QualifyingProperties.SignedProperties.SignedDataObjectProperties.DataObjectFormat.Description",0,1,"",""
"pdlgc-signature.Object.QualifyingProperties.SignedProperties.SignedDataObjectProperties.DataObjectFormat.ObjectIdentifier","pdlgc-signature.Object.QualifyingProperties.SignedProperties.SignedDataObjectProperties.DataObjectFormat.ObjectIdentifier","","","",0,1,"","","","BackboneElement {[]} {[]}
","Identifiant normalisé du type d'objet.","Identifiant normalisé du type d'objet.","","","","","","","","","",,,,,"",,,,"pdlgc-signature.Object.QualifyingProperties.SignedProperties.SignedDataObjectProperties.DataObjectFormat.ObjectIdentifier",0,1,"","ele-1:All FHIR elements must have a @value or children {hasValue() or (children().count() > id.count())}
"
"pdlgc-signature.Object.QualifyingProperties.SignedProperties.SignedDataObjectProperties.DataObjectFormat.ObjectIdentifier.id","pdlgc-signature.Object.QualifyingProperties.SignedProperties.SignedDataObjectProperties.DataObjectFormat.ObjectIdentifier.id","","","",0,1,"","","","string {[]} {[]}
","Unique id for inter-element referencing","Unique id for the element within a resource (for internal references). This may be any string value that does not contain spaces.","","","","","","","","","",,,,,"",,,,"Element.id",0,1,"",""
"pdlgc-signature.Object.QualifyingProperties.SignedProperties.SignedDataObjectProperties.DataObjectFormat.ObjectIdentifier.extension","pdlgc-signature.Object.QualifyingProperties.SignedProperties.SignedDataObjectProperties.DataObjectFormat.ObjectIdentifier.extension","","extensions
user content","",0,*,"","","","Extension {[]} {[]}
","Additional content defined by implementations","May be used to represent additional information that is not part of the basic definition of the element. To make the use of extensions safe and manageable, there is a strict set of governance  applied to the definition and use of extensions. Though any implementer can define an extension, there is a set of requirements that SHALL be met as part of the definition of the extension.","There can be no stigma associated with the use of extensions by any application, project, or standard - regardless of the institution or jurisdiction that uses or defines the extensions.  The use of extensions is what allows the FHIR specification to retain a core level of simplicity for everyone.","","","","","","","","",,,,,"","value:url}
","Extensions are always sliced by (at least) url",,"open","Element.extension",0,*,"","ele-1:All FHIR elements must have a @value or children {hasValue() or (children().count() > id.count())}
ext-1:Must have either extensions or value[x], not both {extension.exists() != value.exists()}"
"pdlgc-signature.Object.QualifyingProperties.SignedProperties.SignedDataObjectProperties.DataObjectFormat.ObjectIdentifier.modifierExtension","pdlgc-signature.Object.QualifyingProperties.SignedProperties.SignedDataObjectProperties.DataObjectFormat.ObjectIdentifier.modifierExtension","","extensions
user contentmodifiers","",0,*,"","Y","Y","Extension {[]} {[]}
","Extensions that cannot be ignored even if unrecognized","May be used to represent additional information that is not part of the basic definition of the element and that modifies the understanding of the element in which it is contained and/or the understanding of the containing element's descendants. Usually modifier elements provide negation or qualification. To make the use of extensions safe and manageable, there is a strict set of governance applied to the definition and use of extensions. Though any implementer can define an extension, there is a set of requirements that SHALL be met as part of the definition of the extension. Applications processing a resource are required to check for modifier extensions.

Modifier extensions SHALL NOT change the meaning of any elements on Resource or DomainResource (including cannot change the meaning of modifierExtension itself).","There can be no stigma associated with the use of extensions by any application, project, or standard - regardless of the institution or jurisdiction that uses or defines the extensions.  The use of extensions is what allows the FHIR specification to retain a core level of simplicity for everyone.","Modifier extensions allow for extensions that *cannot* be safely ignored to be clearly distinguished from the vast majority of extensions which can be safely ignored.  This promotes interoperability by eliminating the need for implementers to prohibit the presence of extensions. For further information, see the [definition of modifier extensions](http://hl7.org/fhir/R4/extensibility.html#modifierExtension).","","","","","","","",,,,,"",,,,"BackboneElement.modifierExtension",0,*,"","ele-1:All FHIR elements must have a @value or children {hasValue() or (children().count() > id.count())}
ext-1:Must have either extensions or value[x], not both {extension.exists() != value.exists()}"
"pdlgc-signature.Object.QualifyingProperties.SignedProperties.SignedDataObjectProperties.DataObjectFormat.ObjectIdentifier.Identifier","pdlgc-signature.Object.QualifyingProperties.SignedProperties.SignedDataObjectProperties.DataObjectFormat.ObjectIdentifier.Identifier","","","",1,1,"","","","uri {[]} {[]}
","Identifiant unique.","Identifiant unique.","","","","","","","","","",,,,,"",,,,"pdlgc-signature.Object.QualifyingProperties.SignedProperties.SignedDataObjectProperties.DataObjectFormat.ObjectIdentifier.Identifier",1,1,"",""
"pdlgc-signature.Object.QualifyingProperties.SignedProperties.SignedDataObjectProperties.DataObjectFormat.ObjectIdentifier.Description","pdlgc-signature.Object.QualifyingProperties.SignedProperties.SignedDataObjectProperties.DataObjectFormat.ObjectIdentifier.Description","","","",0,1,"","","","string {[]} {[]}
","Description de l'identifiant.","Description de l'identifiant.","","","","","","","","","",,,,,"",,,,"pdlgc-signature.Object.QualifyingProperties.SignedProperties.SignedDataObjectProperties.DataObjectFormat.ObjectIdentifier.Description",0,1,"",""
"pdlgc-signature.Object.QualifyingProperties.SignedProperties.SignedDataObjectProperties.DataObjectFormat.Encoding","pdlgc-signature.Object.QualifyingProperties.SignedProperties.SignedDataObjectProperties.DataObjectFormat.Encoding","","","",0,1,"","","","uri {[]} {[]}
","Encodage utilisé pour l'objet.","Encodage utilisé pour l'objet.","","","","","","","","","",,,,,"",,,,"pdlgc-signature.Object.QualifyingProperties.SignedProperties.SignedDataObjectProperties.DataObjectFormat.Encoding",0,1,"",""
"pdlgc-signature.Object.QualifyingProperties.SignedProperties.SignedDataObjectProperties.CommitmentTypeIndication","pdlgc-signature.Object.QualifyingProperties.SignedProperties.SignedDataObjectProperties.CommitmentTypeIndication","","","",0,*,"","","","BackboneElement {[]} {[]}
","Engagement pris par le signataire vis-à-vis de l'objet signé.","Engagement pris par le signataire vis-à-vis de l'objet signé.","","","","","","","","","",,,,,"",,,,"pdlgc-signature.Object.QualifyingProperties.SignedProperties.SignedDataObjectProperties.CommitmentTypeIndication",0,*,"","ele-1:All FHIR elements must have a @value or children {hasValue() or (children().count() > id.count())}
"
"pdlgc-signature.Object.QualifyingProperties.SignedProperties.SignedDataObjectProperties.CommitmentTypeIndication.id","pdlgc-signature.Object.QualifyingProperties.SignedProperties.SignedDataObjectProperties.CommitmentTypeIndication.id","","","",0,1,"","","","string {[]} {[]}
","Unique id for inter-element referencing","Unique id for the element within a resource (for internal references). This may be any string value that does not contain spaces.","","","","","","","","","",,,,,"",,,,"Element.id",0,1,"",""
"pdlgc-signature.Object.QualifyingProperties.SignedProperties.SignedDataObjectProperties.CommitmentTypeIndication.extension","pdlgc-signature.Object.QualifyingProperties.SignedProperties.SignedDataObjectProperties.CommitmentTypeIndication.extension","","extensions
user content","",0,*,"","","","Extension {[]} {[]}
","Additional content defined by implementations","May be used to represent additional information that is not part of the basic definition of the element. To make the use of extensions safe and manageable, there is a strict set of governance  applied to the definition and use of extensions. Though any implementer can define an extension, there is a set of requirements that SHALL be met as part of the definition of the extension.","There can be no stigma associated with the use of extensions by any application, project, or standard - regardless of the institution or jurisdiction that uses or defines the extensions.  The use of extensions is what allows the FHIR specification to retain a core level of simplicity for everyone.","","","","","","","","",,,,,"","value:url}
","Extensions are always sliced by (at least) url",,"open","Element.extension",0,*,"","ele-1:All FHIR elements must have a @value or children {hasValue() or (children().count() > id.count())}
ext-1:Must have either extensions or value[x], not both {extension.exists() != value.exists()}"
"pdlgc-signature.Object.QualifyingProperties.SignedProperties.SignedDataObjectProperties.CommitmentTypeIndication.modifierExtension","pdlgc-signature.Object.QualifyingProperties.SignedProperties.SignedDataObjectProperties.CommitmentTypeIndication.modifierExtension","","extensions
user contentmodifiers","",0,*,"","Y","Y","Extension {[]} {[]}
","Extensions that cannot be ignored even if unrecognized","May be used to represent additional information that is not part of the basic definition of the element and that modifies the understanding of the element in which it is contained and/or the understanding of the containing element's descendants. Usually modifier elements provide negation or qualification. To make the use of extensions safe and manageable, there is a strict set of governance applied to the definition and use of extensions. Though any implementer can define an extension, there is a set of requirements that SHALL be met as part of the definition of the extension. Applications processing a resource are required to check for modifier extensions.

Modifier extensions SHALL NOT change the meaning of any elements on Resource or DomainResource (including cannot change the meaning of modifierExtension itself).","There can be no stigma associated with the use of extensions by any application, project, or standard - regardless of the institution or jurisdiction that uses or defines the extensions.  The use of extensions is what allows the FHIR specification to retain a core level of simplicity for everyone.","Modifier extensions allow for extensions that *cannot* be safely ignored to be clearly distinguished from the vast majority of extensions which can be safely ignored.  This promotes interoperability by eliminating the need for implementers to prohibit the presence of extensions. For further information, see the [definition of modifier extensions](http://hl7.org/fhir/R4/extensibility.html#modifierExtension).","","","","","","","",,,,,"",,,,"BackboneElement.modifierExtension",0,*,"","ele-1:All FHIR elements must have a @value or children {hasValue() or (children().count() > id.count())}
ext-1:Must have either extensions or value[x], not both {extension.exists() != value.exists()}"
"pdlgc-signature.Object.QualifyingProperties.SignedProperties.SignedDataObjectProperties.CommitmentTypeIndication.CommitmentTypeId","pdlgc-signature.Object.QualifyingProperties.SignedProperties.SignedDataObjectProperties.CommitmentTypeIndication.CommitmentTypeId","","","",1,1,"","","","uri {[]} {[]}
","Identifiant du type d'engagement.","Identifiant du type d'engagement.","","","","","","","","","",,,,,"",,,,"pdlgc-signature.Object.QualifyingProperties.SignedProperties.SignedDataObjectProperties.CommitmentTypeIndication.CommitmentTypeId",1,1,"",""
"pdlgc-signature.Object.QualifyingProperties.SignedProperties.SignedDataObjectProperties.CommitmentTypeIndication.ObjectReference","pdlgc-signature.Object.QualifyingProperties.SignedProperties.SignedDataObjectProperties.CommitmentTypeIndication.ObjectReference","","","",0,*,"","","","string {[]} {[]}
","Références des objets concernés.","Références des objets concernés.","","","","","","","","","",,,,,"",,,,"pdlgc-signature.Object.QualifyingProperties.SignedProperties.SignedDataObjectProperties.CommitmentTypeIndication.ObjectReference",0,*,"",""
"pdlgc-signature.Object.QualifyingProperties.SignedProperties.SignedDataObjectProperties.CommitmentTypeIndication.AllSignedDataObjects","pdlgc-signature.Object.QualifyingProperties.SignedProperties.SignedDataObjectProperties.CommitmentTypeIndication.AllSignedDataObjects","","","",0,1,"","","","boolean {[]} {[]}
","Indique que l'engagement s'applique à tous les objets signés.","Indique que l'engagement s'applique à tous les objets signés.","","","","","","","","","",,,,,"",,,,"pdlgc-signature.Object.QualifyingProperties.SignedProperties.SignedDataObjectProperties.CommitmentTypeIndication.AllSignedDataObjects",0,1,"",""
"pdlgc-signature.Object.QualifyingProperties.SignedProperties.SignedDataObjectProperties.CommitmentTypeIndication.CommitmentTypeQualifiers","pdlgc-signature.Object.QualifyingProperties.SignedProperties.SignedDataObjectProperties.CommitmentTypeIndication.CommitmentTypeQualifiers","","","",0,1,"","","","BackboneElement {[]} {[]}
","Informations complémentaires relatives à l'engagement.","Informations complémentaires relatives à l'engagement.","","","","","","","","","",,,,,"",,,,"pdlgc-signature.Object.QualifyingProperties.SignedProperties.SignedDataObjectProperties.CommitmentTypeIndication.CommitmentTypeQualifiers",0,1,"",""
"pdlgc-signature.Object.QualifyingProperties.SignedProperties.SignedDataObjectProperties.AllDataObjectsTimeStamp","pdlgc-signature.Object.QualifyingProperties.SignedProperties.SignedDataObjectProperties.AllDataObjectsTimeStamp","","","",0,*,"","","","BackboneElement {[]} {[]}
","Horodatage portant sur l'ensemble des objets signés.","Horodatage portant sur l'ensemble des objets signés.","","","","","","","","","",,,,,"",,,,"pdlgc-signature.Object.QualifyingProperties.SignedProperties.SignedDataObjectProperties.AllDataObjectsTimeStamp",0,*,"","ele-1:All FHIR elements must have a @value or children {hasValue() or (children().count() > id.count())}
"
"pdlgc-signature.Object.QualifyingProperties.SignedProperties.SignedDataObjectProperties.AllDataObjectsTimeStamp.id","pdlgc-signature.Object.QualifyingProperties.SignedProperties.SignedDataObjectProperties.AllDataObjectsTimeStamp.id","","","",0,1,"","","","string {[]} {[]}
","Unique id for inter-element referencing","Unique id for the element within a resource (for internal references). This may be any string value that does not contain spaces.","","","","","","","","","",,,,,"",,,,"Element.id",0,1,"",""
"pdlgc-signature.Object.QualifyingProperties.SignedProperties.SignedDataObjectProperties.AllDataObjectsTimeStamp.extension","pdlgc-signature.Object.QualifyingProperties.SignedProperties.SignedDataObjectProperties.AllDataObjectsTimeStamp.extension","","extensions
user content","",0,*,"","","","Extension {[]} {[]}
","Additional content defined by implementations","May be used to represent additional information that is not part of the basic definition of the element. To make the use of extensions safe and manageable, there is a strict set of governance  applied to the definition and use of extensions. Though any implementer can define an extension, there is a set of requirements that SHALL be met as part of the definition of the extension.","There can be no stigma associated with the use of extensions by any application, project, or standard - regardless of the institution or jurisdiction that uses or defines the extensions.  The use of extensions is what allows the FHIR specification to retain a core level of simplicity for everyone.","","","","","","","","",,,,,"","value:url}
","Extensions are always sliced by (at least) url",,"open","Element.extension",0,*,"","ele-1:All FHIR elements must have a @value or children {hasValue() or (children().count() > id.count())}
ext-1:Must have either extensions or value[x], not both {extension.exists() != value.exists()}"
"pdlgc-signature.Object.QualifyingProperties.SignedProperties.SignedDataObjectProperties.AllDataObjectsTimeStamp.modifierExtension","pdlgc-signature.Object.QualifyingProperties.SignedProperties.SignedDataObjectProperties.AllDataObjectsTimeStamp.modifierExtension","","extensions
user contentmodifiers","",0,*,"","Y","Y","Extension {[]} {[]}
","Extensions that cannot be ignored even if unrecognized","May be used to represent additional information that is not part of the basic definition of the element and that modifies the understanding of the element in which it is contained and/or the understanding of the containing element's descendants. Usually modifier elements provide negation or qualification. To make the use of extensions safe and manageable, there is a strict set of governance applied to the definition and use of extensions. Though any implementer can define an extension, there is a set of requirements that SHALL be met as part of the definition of the extension. Applications processing a resource are required to check for modifier extensions.

Modifier extensions SHALL NOT change the meaning of any elements on Resource or DomainResource (including cannot change the meaning of modifierExtension itself).","There can be no stigma associated with the use of extensions by any application, project, or standard - regardless of the institution or jurisdiction that uses or defines the extensions.  The use of extensions is what allows the FHIR specification to retain a core level of simplicity for everyone.","Modifier extensions allow for extensions that *cannot* be safely ignored to be clearly distinguished from the vast majority of extensions which can be safely ignored.  This promotes interoperability by eliminating the need for implementers to prohibit the presence of extensions. For further information, see the [definition of modifier extensions](http://hl7.org/fhir/R4/extensibility.html#modifierExtension).","","","","","","","",,,,,"",,,,"BackboneElement.modifierExtension",0,*,"","ele-1:All FHIR elements must have a @value or children {hasValue() or (children().count() > id.count())}
ext-1:Must have either extensions or value[x], not both {extension.exists() != value.exists()}"
"pdlgc-signature.Object.QualifyingProperties.SignedProperties.SignedDataObjectProperties.AllDataObjectsTimeStamp.CanonicalizationMethod","pdlgc-signature.Object.QualifyingProperties.SignedProperties.SignedDataObjectProperties.AllDataObjectsTimeStamp.CanonicalizationMethod","","","",0,1,"","","","uri {[]} {[]}
","Algorithme de canonicalisation.","Algorithme de canonicalisation.","","","","","","","","","",,,,,"",,,,"pdlgc-signature.Object.QualifyingProperties.SignedProperties.SignedDataObjectProperties.AllDataObjectsTimeStamp.CanonicalizationMethod",0,1,"",""
"pdlgc-signature.Object.QualifyingProperties.SignedProperties.SignedDataObjectProperties.AllDataObjectsTimeStamp.EncapsulatedTimeStamp","pdlgc-signature.Object.QualifyingProperties.SignedProperties.SignedDataObjectProperties.AllDataObjectsTimeStamp.EncapsulatedTimeStamp","","","",1,*,"","","","base64Binary {[]} {[]}
","Jeton d'horodatage RFC 3161.","Jeton d'horodatage RFC 3161.","","","","","","","","","",,,,,"",,,,"pdlgc-signature.Object.QualifyingProperties.SignedProperties.SignedDataObjectProperties.AllDataObjectsTimeStamp.EncapsulatedTimeStamp",1,*,"",""
"pdlgc-signature.Object.QualifyingProperties.SignedProperties.SignedDataObjectProperties.IndividualDataObjectsTimeStamp","pdlgc-signature.Object.QualifyingProperties.SignedProperties.SignedDataObjectProperties.IndividualDataObjectsTimeStamp","","","",0,*,"","","","BackboneElement {[]} {[]}
","Horodatage portant sur un ou plusieurs objets signés.","Horodatage portant sur un ou plusieurs objets signés.","","","","","","","","","",,,,,"",,,,"pdlgc-signature.Object.QualifyingProperties.SignedProperties.SignedDataObjectProperties.IndividualDataObjectsTimeStamp",0,*,"","ele-1:All FHIR elements must have a @value or children {hasValue() or (children().count() > id.count())}
"
"pdlgc-signature.Object.QualifyingProperties.SignedProperties.SignedDataObjectProperties.IndividualDataObjectsTimeStamp.id","pdlgc-signature.Object.QualifyingProperties.SignedProperties.SignedDataObjectProperties.IndividualDataObjectsTimeStamp.id","","","",0,1,"","","","string {[]} {[]}
","Unique id for inter-element referencing","Unique id for the element within a resource (for internal references). This may be any string value that does not contain spaces.","","","","","","","","","",,,,,"",,,,"Element.id",0,1,"",""
"pdlgc-signature.Object.QualifyingProperties.SignedProperties.SignedDataObjectProperties.IndividualDataObjectsTimeStamp.extension","pdlgc-signature.Object.QualifyingProperties.SignedProperties.SignedDataObjectProperties.IndividualDataObjectsTimeStamp.extension","","extensions
user content","",0,*,"","","","Extension {[]} {[]}
","Additional content defined by implementations","May be used to represent additional information that is not part of the basic definition of the element. To make the use of extensions safe and manageable, there is a strict set of governance  applied to the definition and use of extensions. Though any implementer can define an extension, there is a set of requirements that SHALL be met as part of the definition of the extension.","There can be no stigma associated with the use of extensions by any application, project, or standard - regardless of the institution or jurisdiction that uses or defines the extensions.  The use of extensions is what allows the FHIR specification to retain a core level of simplicity for everyone.","","","","","","","","",,,,,"","value:url}
","Extensions are always sliced by (at least) url",,"open","Element.extension",0,*,"","ele-1:All FHIR elements must have a @value or children {hasValue() or (children().count() > id.count())}
ext-1:Must have either extensions or value[x], not both {extension.exists() != value.exists()}"
"pdlgc-signature.Object.QualifyingProperties.SignedProperties.SignedDataObjectProperties.IndividualDataObjectsTimeStamp.modifierExtension","pdlgc-signature.Object.QualifyingProperties.SignedProperties.SignedDataObjectProperties.IndividualDataObjectsTimeStamp.modifierExtension","","extensions
user contentmodifiers","",0,*,"","Y","Y","Extension {[]} {[]}
","Extensions that cannot be ignored even if unrecognized","May be used to represent additional information that is not part of the basic definition of the element and that modifies the understanding of the element in which it is contained and/or the understanding of the containing element's descendants. Usually modifier elements provide negation or qualification. To make the use of extensions safe and manageable, there is a strict set of governance applied to the definition and use of extensions. Though any implementer can define an extension, there is a set of requirements that SHALL be met as part of the definition of the extension. Applications processing a resource are required to check for modifier extensions.

Modifier extensions SHALL NOT change the meaning of any elements on Resource or DomainResource (including cannot change the meaning of modifierExtension itself).","There can be no stigma associated with the use of extensions by any application, project, or standard - regardless of the institution or jurisdiction that uses or defines the extensions.  The use of extensions is what allows the FHIR specification to retain a core level of simplicity for everyone.","Modifier extensions allow for extensions that *cannot* be safely ignored to be clearly distinguished from the vast majority of extensions which can be safely ignored.  This promotes interoperability by eliminating the need for implementers to prohibit the presence of extensions. For further information, see the [definition of modifier extensions](http://hl7.org/fhir/R4/extensibility.html#modifierExtension).","","","","","","","",,,,,"",,,,"BackboneElement.modifierExtension",0,*,"","ele-1:All FHIR elements must have a @value or children {hasValue() or (children().count() > id.count())}
ext-1:Must have either extensions or value[x], not both {extension.exists() != value.exists()}"
"pdlgc-signature.Object.QualifyingProperties.SignedProperties.SignedDataObjectProperties.IndividualDataObjectsTimeStamp.ObjectReference","pdlgc-signature.Object.QualifyingProperties.SignedProperties.SignedDataObjectProperties.IndividualDataObjectsTimeStamp.ObjectReference","","","",1,*,"","","","string {[]} {[]}
","Références des objets concernés.","Références des objets concernés.","","","","","","","","","",,,,,"",,,,"pdlgc-signature.Object.QualifyingProperties.SignedProperties.SignedDataObjectProperties.IndividualDataObjectsTimeStamp.ObjectReference",1,*,"",""
"pdlgc-signature.Object.QualifyingProperties.SignedProperties.SignedDataObjectProperties.IndividualDataObjectsTimeStamp.CanonicalizationMethod","pdlgc-signature.Object.QualifyingProperties.SignedProperties.SignedDataObjectProperties.IndividualDataObjectsTimeStamp.CanonicalizationMethod","","","",0,1,"","","","uri {[]} {[]}
","Algorithme de canonicalisation.","Algorithme de canonicalisation.","","","","","","","","","",,,,,"",,,,"pdlgc-signature.Object.QualifyingProperties.SignedProperties.SignedDataObjectProperties.IndividualDataObjectsTimeStamp.CanonicalizationMethod",0,1,"",""
"pdlgc-signature.Object.QualifyingProperties.SignedProperties.SignedDataObjectProperties.IndividualDataObjectsTimeStamp.EncapsulatedTimeStamp","pdlgc-signature.Object.QualifyingProperties.SignedProperties.SignedDataObjectProperties.IndividualDataObjectsTimeStamp.EncapsulatedTimeStamp","","","",1,*,"","","","base64Binary {[]} {[]}
","Jeton d'horodatage RFC 3161.","Jeton d'horodatage RFC 3161.","","","","","","","","","",,,,,"",,,,"pdlgc-signature.Object.QualifyingProperties.SignedProperties.SignedDataObjectProperties.IndividualDataObjectsTimeStamp.EncapsulatedTimeStamp",1,*,"",""
"pdlgc-signature.Object.QualifyingProperties.SignedProperties.UnsignedProperties","pdlgc-signature.Object.QualifyingProperties.SignedProperties.UnsignedProperties","","","",0,1,"","","","BackboneElement {[]} {[]}
","Propriétés non incluses dans la signature (XAdES-T et LT)","Propriétés non incluses dans la signature (XAdES-T et LT)","","","","","","","","","",,,,,"",,,,"pdlgc-signature.Object.QualifyingProperties.SignedProperties.UnsignedProperties",0,1,"","ele-1:All FHIR elements must have a @value or children {hasValue() or (children().count() > id.count())}
"
"pdlgc-signature.Object.QualifyingProperties.SignedProperties.UnsignedProperties.id","pdlgc-signature.Object.QualifyingProperties.SignedProperties.UnsignedProperties.id","","","",0,1,"","","","string {[]} {[]}
","Unique id for inter-element referencing","Unique id for the element within a resource (for internal references). This may be any string value that does not contain spaces.","","","","","","","","","",,,,,"",,,,"Element.id",0,1,"",""
"pdlgc-signature.Object.QualifyingProperties.SignedProperties.UnsignedProperties.extension","pdlgc-signature.Object.QualifyingProperties.SignedProperties.UnsignedProperties.extension","","extensions
user content","",0,*,"","","","Extension {[]} {[]}
","Additional content defined by implementations","May be used to represent additional information that is not part of the basic definition of the element. To make the use of extensions safe and manageable, there is a strict set of governance  applied to the definition and use of extensions. Though any implementer can define an extension, there is a set of requirements that SHALL be met as part of the definition of the extension.","There can be no stigma associated with the use of extensions by any application, project, or standard - regardless of the institution or jurisdiction that uses or defines the extensions.  The use of extensions is what allows the FHIR specification to retain a core level of simplicity for everyone.","","","","","","","","",,,,,"","value:url}
","Extensions are always sliced by (at least) url",,"open","Element.extension",0,*,"","ele-1:All FHIR elements must have a @value or children {hasValue() or (children().count() > id.count())}
ext-1:Must have either extensions or value[x], not both {extension.exists() != value.exists()}"
"pdlgc-signature.Object.QualifyingProperties.SignedProperties.UnsignedProperties.modifierExtension","pdlgc-signature.Object.QualifyingProperties.SignedProperties.UnsignedProperties.modifierExtension","","extensions
user contentmodifiers","",0,*,"","Y","Y","Extension {[]} {[]}
","Extensions that cannot be ignored even if unrecognized","May be used to represent additional information that is not part of the basic definition of the element and that modifies the understanding of the element in which it is contained and/or the understanding of the containing element's descendants. Usually modifier elements provide negation or qualification. To make the use of extensions safe and manageable, there is a strict set of governance applied to the definition and use of extensions. Though any implementer can define an extension, there is a set of requirements that SHALL be met as part of the definition of the extension. Applications processing a resource are required to check for modifier extensions.

Modifier extensions SHALL NOT change the meaning of any elements on Resource or DomainResource (including cannot change the meaning of modifierExtension itself).","There can be no stigma associated with the use of extensions by any application, project, or standard - regardless of the institution or jurisdiction that uses or defines the extensions.  The use of extensions is what allows the FHIR specification to retain a core level of simplicity for everyone.","Modifier extensions allow for extensions that *cannot* be safely ignored to be clearly distinguished from the vast majority of extensions which can be safely ignored.  This promotes interoperability by eliminating the need for implementers to prohibit the presence of extensions. For further information, see the [definition of modifier extensions](http://hl7.org/fhir/R4/extensibility.html#modifierExtension).","","","","","","","",,,,,"",,,,"BackboneElement.modifierExtension",0,*,"","ele-1:All FHIR elements must have a @value or children {hasValue() or (children().count() > id.count())}
ext-1:Must have either extensions or value[x], not both {extension.exists() != value.exists()}"
"pdlgc-signature.Object.QualifyingProperties.SignedProperties.UnsignedProperties.Id","pdlgc-signature.Object.QualifyingProperties.SignedProperties.UnsignedProperties.Id","","","",1,1,"","","","string {[]} {[]}
","Valeur fixée à 'unsignedProperties'.","Valeur fixée à 'unsignedProperties'.","","","","","","","","","",,,,,"",,,,"pdlgc-signature.Object.QualifyingProperties.SignedProperties.UnsignedProperties.Id",1,1,"",""
"pdlgc-signature.Object.QualifyingProperties.SignedProperties.UnsignedProperties.UnsignedSignatureProperties","pdlgc-signature.Object.QualifyingProperties.SignedProperties.UnsignedProperties.UnsignedSignatureProperties","","","",0,1,"","","","BackboneElement {[]} {[]}
","Propriétés non incluses dans la signature","Propriétés non incluses dans la signature","","","","","","","","","",,,,,"",,,,"pdlgc-signature.Object.QualifyingProperties.SignedProperties.UnsignedProperties.UnsignedSignatureProperties",0,1,"","ele-1:All FHIR elements must have a @value or children {hasValue() or (children().count() > id.count())}
"
"pdlgc-signature.Object.QualifyingProperties.SignedProperties.UnsignedProperties.UnsignedSignatureProperties.id","pdlgc-signature.Object.QualifyingProperties.SignedProperties.UnsignedProperties.UnsignedSignatureProperties.id","","","",0,1,"","","","string {[]} {[]}
","Unique id for inter-element referencing","Unique id for the element within a resource (for internal references). This may be any string value that does not contain spaces.","","","","","","","","","",,,,,"",,,,"Element.id",0,1,"",""
"pdlgc-signature.Object.QualifyingProperties.SignedProperties.UnsignedProperties.UnsignedSignatureProperties.extension","pdlgc-signature.Object.QualifyingProperties.SignedProperties.UnsignedProperties.UnsignedSignatureProperties.extension","","extensions
user content","",0,*,"","","","Extension {[]} {[]}
","Additional content defined by implementations","May be used to represent additional information that is not part of the basic definition of the element. To make the use of extensions safe and manageable, there is a strict set of governance  applied to the definition and use of extensions. Though any implementer can define an extension, there is a set of requirements that SHALL be met as part of the definition of the extension.","There can be no stigma associated with the use of extensions by any application, project, or standard - regardless of the institution or jurisdiction that uses or defines the extensions.  The use of extensions is what allows the FHIR specification to retain a core level of simplicity for everyone.","","","","","","","","",,,,,"","value:url}
","Extensions are always sliced by (at least) url",,"open","Element.extension",0,*,"","ele-1:All FHIR elements must have a @value or children {hasValue() or (children().count() > id.count())}
ext-1:Must have either extensions or value[x], not both {extension.exists() != value.exists()}"
"pdlgc-signature.Object.QualifyingProperties.SignedProperties.UnsignedProperties.UnsignedSignatureProperties.modifierExtension","pdlgc-signature.Object.QualifyingProperties.SignedProperties.UnsignedProperties.UnsignedSignatureProperties.modifierExtension","","extensions
user contentmodifiers","",0,*,"","Y","Y","Extension {[]} {[]}
","Extensions that cannot be ignored even if unrecognized","May be used to represent additional information that is not part of the basic definition of the element and that modifies the understanding of the element in which it is contained and/or the understanding of the containing element's descendants. Usually modifier elements provide negation or qualification. To make the use of extensions safe and manageable, there is a strict set of governance applied to the definition and use of extensions. Though any implementer can define an extension, there is a set of requirements that SHALL be met as part of the definition of the extension. Applications processing a resource are required to check for modifier extensions.

Modifier extensions SHALL NOT change the meaning of any elements on Resource or DomainResource (including cannot change the meaning of modifierExtension itself).","There can be no stigma associated with the use of extensions by any application, project, or standard - regardless of the institution or jurisdiction that uses or defines the extensions.  The use of extensions is what allows the FHIR specification to retain a core level of simplicity for everyone.","Modifier extensions allow for extensions that *cannot* be safely ignored to be clearly distinguished from the vast majority of extensions which can be safely ignored.  This promotes interoperability by eliminating the need for implementers to prohibit the presence of extensions. For further information, see the [definition of modifier extensions](http://hl7.org/fhir/R4/extensibility.html#modifierExtension).","","","","","","","",,,,,"",,,,"BackboneElement.modifierExtension",0,*,"","ele-1:All FHIR elements must have a @value or children {hasValue() or (children().count() > id.count())}
ext-1:Must have either extensions or value[x], not both {extension.exists() != value.exists()}"
"pdlgc-signature.Object.QualifyingProperties.SignedProperties.UnsignedProperties.UnsignedSignatureProperties.CounterSignature","pdlgc-signature.Object.QualifyingProperties.SignedProperties.UnsignedProperties.UnsignedSignatureProperties.CounterSignature","","","",0,*,"","","","BackboneElement {[]} {[]}
","Contre-signatures appliquées à la signature.","Contre-signatures appliquées à la signature.","","","","","","","","","",,,,,"",,,,"pdlgc-signature.Object.QualifyingProperties.SignedProperties.UnsignedProperties.UnsignedSignatureProperties.CounterSignature",0,*,"","ele-1:All FHIR elements must have a @value or children {hasValue() or (children().count() > id.count())}
"
"pdlgc-signature.Object.QualifyingProperties.SignedProperties.UnsignedProperties.UnsignedSignatureProperties.CounterSignature.id","pdlgc-signature.Object.QualifyingProperties.SignedProperties.UnsignedProperties.UnsignedSignatureProperties.CounterSignature.id","","","",0,1,"","","","string {[]} {[]}
","Unique id for inter-element referencing","Unique id for the element within a resource (for internal references). This may be any string value that does not contain spaces.","","","","","","","","","",,,,,"",,,,"Element.id",0,1,"",""
"pdlgc-signature.Object.QualifyingProperties.SignedProperties.UnsignedProperties.UnsignedSignatureProperties.CounterSignature.extension","pdlgc-signature.Object.QualifyingProperties.SignedProperties.UnsignedProperties.UnsignedSignatureProperties.CounterSignature.extension","","extensions
user content","",0,*,"","","","Extension {[]} {[]}
","Additional content defined by implementations","May be used to represent additional information that is not part of the basic definition of the element. To make the use of extensions safe and manageable, there is a strict set of governance  applied to the definition and use of extensions. Though any implementer can define an extension, there is a set of requirements that SHALL be met as part of the definition of the extension.","There can be no stigma associated with the use of extensions by any application, project, or standard - regardless of the institution or jurisdiction that uses or defines the extensions.  The use of extensions is what allows the FHIR specification to retain a core level of simplicity for everyone.","","","","","","","","",,,,,"","value:url}
","Extensions are always sliced by (at least) url",,"open","Element.extension",0,*,"","ele-1:All FHIR elements must have a @value or children {hasValue() or (children().count() > id.count())}
ext-1:Must have either extensions or value[x], not both {extension.exists() != value.exists()}"
"pdlgc-signature.Object.QualifyingProperties.SignedProperties.UnsignedProperties.UnsignedSignatureProperties.CounterSignature.modifierExtension","pdlgc-signature.Object.QualifyingProperties.SignedProperties.UnsignedProperties.UnsignedSignatureProperties.CounterSignature.modifierExtension","","extensions
user contentmodifiers","",0,*,"","Y","Y","Extension {[]} {[]}
","Extensions that cannot be ignored even if unrecognized","May be used to represent additional information that is not part of the basic definition of the element and that modifies the understanding of the element in which it is contained and/or the understanding of the containing element's descendants. Usually modifier elements provide negation or qualification. To make the use of extensions safe and manageable, there is a strict set of governance applied to the definition and use of extensions. Though any implementer can define an extension, there is a set of requirements that SHALL be met as part of the definition of the extension. Applications processing a resource are required to check for modifier extensions.

Modifier extensions SHALL NOT change the meaning of any elements on Resource or DomainResource (including cannot change the meaning of modifierExtension itself).","There can be no stigma associated with the use of extensions by any application, project, or standard - regardless of the institution or jurisdiction that uses or defines the extensions.  The use of extensions is what allows the FHIR specification to retain a core level of simplicity for everyone.","Modifier extensions allow for extensions that *cannot* be safely ignored to be clearly distinguished from the vast majority of extensions which can be safely ignored.  This promotes interoperability by eliminating the need for implementers to prohibit the presence of extensions. For further information, see the [definition of modifier extensions](http://hl7.org/fhir/R4/extensibility.html#modifierExtension).","","","","","","","",,,,,"",,,,"BackboneElement.modifierExtension",0,*,"","ele-1:All FHIR elements must have a @value or children {hasValue() or (children().count() > id.count())}
ext-1:Must have either extensions or value[x], not both {extension.exists() != value.exists()}"
"pdlgc-signature.Object.QualifyingProperties.SignedProperties.UnsignedProperties.UnsignedSignatureProperties.CounterSignature.Signature","pdlgc-signature.Object.QualifyingProperties.SignedProperties.UnsignedProperties.UnsignedSignatureProperties.CounterSignature.Signature","","","",1,1,"","","","BackboneElement {[]} {[]}
","Signature de contre-signature.","Signature de contre-signature.","","","","","","","","","",,,,,"",,,,"pdlgc-signature.Object.QualifyingProperties.SignedProperties.UnsignedProperties.UnsignedSignatureProperties.CounterSignature.Signature",1,1,"",""
"pdlgc-signature.Object.QualifyingProperties.SignedProperties.UnsignedProperties.UnsignedSignatureProperties.SignatureTimeStamp","pdlgc-signature.Object.QualifyingProperties.SignedProperties.UnsignedProperties.UnsignedSignatureProperties.SignatureTimeStamp","","","",0,*,"","","","BackboneElement {[]} {[]}
","Jeton d'horodatage qualifié (XAdES-T minimum). Horodatage de la valeur de signature par une Autorité d'Horodatage
              qualifiée eIDAS. Garantit la date de signature de manière opposable, indépendamment de la déclaration signingTime du signataire.","Jeton d'horodatage qualifié (XAdES-T minimum). Horodatage de la valeur de signature par une Autorité d'Horodatage
              qualifiée eIDAS. Garantit la date de signature de manière opposable, indépendamment de la déclaration signingTime du signataire.","","","","","","","","","",,,,,"",,,,"pdlgc-signature.Object.QualifyingProperties.SignedProperties.UnsignedProperties.UnsignedSignatureProperties.SignatureTimeStamp",0,*,"","ele-1:All FHIR elements must have a @value or children {hasValue() or (children().count() > id.count())}
"
"pdlgc-signature.Object.QualifyingProperties.SignedProperties.UnsignedProperties.UnsignedSignatureProperties.SignatureTimeStamp.id","pdlgc-signature.Object.QualifyingProperties.SignedProperties.UnsignedProperties.UnsignedSignatureProperties.SignatureTimeStamp.id","","","",0,1,"","","","string {[]} {[]}
","Unique id for inter-element referencing","Unique id for the element within a resource (for internal references). This may be any string value that does not contain spaces.","","","","","","","","","",,,,,"",,,,"Element.id",0,1,"",""
"pdlgc-signature.Object.QualifyingProperties.SignedProperties.UnsignedProperties.UnsignedSignatureProperties.SignatureTimeStamp.extension","pdlgc-signature.Object.QualifyingProperties.SignedProperties.UnsignedProperties.UnsignedSignatureProperties.SignatureTimeStamp.extension","","extensions
user content","",0,*,"","","","Extension {[]} {[]}
","Additional content defined by implementations","May be used to represent additional information that is not part of the basic definition of the element. To make the use of extensions safe and manageable, there is a strict set of governance  applied to the definition and use of extensions. Though any implementer can define an extension, there is a set of requirements that SHALL be met as part of the definition of the extension.","There can be no stigma associated with the use of extensions by any application, project, or standard - regardless of the institution or jurisdiction that uses or defines the extensions.  The use of extensions is what allows the FHIR specification to retain a core level of simplicity for everyone.","","","","","","","","",,,,,"","value:url}
","Extensions are always sliced by (at least) url",,"open","Element.extension",0,*,"","ele-1:All FHIR elements must have a @value or children {hasValue() or (children().count() > id.count())}
ext-1:Must have either extensions or value[x], not both {extension.exists() != value.exists()}"
"pdlgc-signature.Object.QualifyingProperties.SignedProperties.UnsignedProperties.UnsignedSignatureProperties.SignatureTimeStamp.modifierExtension","pdlgc-signature.Object.QualifyingProperties.SignedProperties.UnsignedProperties.UnsignedSignatureProperties.SignatureTimeStamp.modifierExtension","","extensions
user contentmodifiers","",0,*,"","Y","Y","Extension {[]} {[]}
","Extensions that cannot be ignored even if unrecognized","May be used to represent additional information that is not part of the basic definition of the element and that modifies the understanding of the element in which it is contained and/or the understanding of the containing element's descendants. Usually modifier elements provide negation or qualification. To make the use of extensions safe and manageable, there is a strict set of governance applied to the definition and use of extensions. Though any implementer can define an extension, there is a set of requirements that SHALL be met as part of the definition of the extension. Applications processing a resource are required to check for modifier extensions.

Modifier extensions SHALL NOT change the meaning of any elements on Resource or DomainResource (including cannot change the meaning of modifierExtension itself).","There can be no stigma associated with the use of extensions by any application, project, or standard - regardless of the institution or jurisdiction that uses or defines the extensions.  The use of extensions is what allows the FHIR specification to retain a core level of simplicity for everyone.","Modifier extensions allow for extensions that *cannot* be safely ignored to be clearly distinguished from the vast majority of extensions which can be safely ignored.  This promotes interoperability by eliminating the need for implementers to prohibit the presence of extensions. For further information, see the [definition of modifier extensions](http://hl7.org/fhir/R4/extensibility.html#modifierExtension).","","","","","","","",,,,,"",,,,"BackboneElement.modifierExtension",0,*,"","ele-1:All FHIR elements must have a @value or children {hasValue() or (children().count() > id.count())}
ext-1:Must have either extensions or value[x], not both {extension.exists() != value.exists()}"
"pdlgc-signature.Object.QualifyingProperties.SignedProperties.UnsignedProperties.UnsignedSignatureProperties.SignatureTimeStamp.CanonicalizationMethod","pdlgc-signature.Object.QualifyingProperties.SignedProperties.UnsignedProperties.UnsignedSignatureProperties.SignatureTimeStamp.CanonicalizationMethod","","","",1,1,"","","","string {[]} {[]}
","Algorithme de canonicalisation appliqué avant horodatage","Algorithme de canonicalisation appliqué avant horodatage","","","","","","","","","",,,,,"",,,,"pdlgc-signature.Object.QualifyingProperties.SignedProperties.UnsignedProperties.UnsignedSignatureProperties.SignatureTimeStamp.CanonicalizationMethod",1,1,"",""
"pdlgc-signature.Object.QualifyingProperties.SignedProperties.UnsignedProperties.UnsignedSignatureProperties.SignatureTimeStamp.EncapsulatedTimeStamp","pdlgc-signature.Object.QualifyingProperties.SignedProperties.UnsignedProperties.UnsignedSignatureProperties.SignatureTimeStamp.EncapsulatedTimeStamp","","","",1,1,"","","","string {[]} {[]}
","Jeton d'horodatage encodé en base64 (format RFC 3161)","Jeton d'horodatage encodé en base64 (format RFC 3161)","","","","","","","","","",,,,,"",,,,"pdlgc-signature.Object.QualifyingProperties.SignedProperties.UnsignedProperties.UnsignedSignatureProperties.SignatureTimeStamp.EncapsulatedTimeStamp",1,1,"",""
"pdlgc-signature.Object.QualifyingProperties.SignedProperties.UnsignedProperties.UnsignedSignatureProperties.CompleteCertificateRefs","pdlgc-signature.Object.QualifyingProperties.SignedProperties.UnsignedProperties.UnsignedSignatureProperties.CompleteCertificateRefs","","","",0,1,"","","","BackboneElement {[]} {[]}
","Références vers les certificats nécessaires à la validation.","Références vers les certificats nécessaires à la validation.","","","","","","","","","",,,,,"",,,,"pdlgc-signature.Object.QualifyingProperties.SignedProperties.UnsignedProperties.UnsignedSignatureProperties.CompleteCertificateRefs",0,1,"","ele-1:All FHIR elements must have a @value or children {hasValue() or (children().count() > id.count())}
"
"pdlgc-signature.Object.QualifyingProperties.SignedProperties.UnsignedProperties.UnsignedSignatureProperties.CompleteCertificateRefs.id","pdlgc-signature.Object.QualifyingProperties.SignedProperties.UnsignedProperties.UnsignedSignatureProperties.CompleteCertificateRefs.id","","","",0,1,"","","","string {[]} {[]}
","Unique id for inter-element referencing","Unique id for the element within a resource (for internal references). This may be any string value that does not contain spaces.","","","","","","","","","",,,,,"",,,,"Element.id",0,1,"",""
"pdlgc-signature.Object.QualifyingProperties.SignedProperties.UnsignedProperties.UnsignedSignatureProperties.CompleteCertificateRefs.extension","pdlgc-signature.Object.QualifyingProperties.SignedProperties.UnsignedProperties.UnsignedSignatureProperties.CompleteCertificateRefs.extension","","extensions
user content","",0,*,"","","","Extension {[]} {[]}
","Additional content defined by implementations","May be used to represent additional information that is not part of the basic definition of the element. To make the use of extensions safe and manageable, there is a strict set of governance  applied to the definition and use of extensions. Though any implementer can define an extension, there is a set of requirements that SHALL be met as part of the definition of the extension.","There can be no stigma associated with the use of extensions by any application, project, or standard - regardless of the institution or jurisdiction that uses or defines the extensions.  The use of extensions is what allows the FHIR specification to retain a core level of simplicity for everyone.","","","","","","","","",,,,,"","value:url}
","Extensions are always sliced by (at least) url",,"open","Element.extension",0,*,"","ele-1:All FHIR elements must have a @value or children {hasValue() or (children().count() > id.count())}
ext-1:Must have either extensions or value[x], not both {extension.exists() != value.exists()}"
"pdlgc-signature.Object.QualifyingProperties.SignedProperties.UnsignedProperties.UnsignedSignatureProperties.CompleteCertificateRefs.modifierExtension","pdlgc-signature.Object.QualifyingProperties.SignedProperties.UnsignedProperties.UnsignedSignatureProperties.CompleteCertificateRefs.modifierExtension","","extensions
user contentmodifiers","",0,*,"","Y","Y","Extension {[]} {[]}
","Extensions that cannot be ignored even if unrecognized","May be used to represent additional information that is not part of the basic definition of the element and that modifies the understanding of the element in which it is contained and/or the understanding of the containing element's descendants. Usually modifier elements provide negation or qualification. To make the use of extensions safe and manageable, there is a strict set of governance applied to the definition and use of extensions. Though any implementer can define an extension, there is a set of requirements that SHALL be met as part of the definition of the extension. Applications processing a resource are required to check for modifier extensions.

Modifier extensions SHALL NOT change the meaning of any elements on Resource or DomainResource (including cannot change the meaning of modifierExtension itself).","There can be no stigma associated with the use of extensions by any application, project, or standard - regardless of the institution or jurisdiction that uses or defines the extensions.  The use of extensions is what allows the FHIR specification to retain a core level of simplicity for everyone.","Modifier extensions allow for extensions that *cannot* be safely ignored to be clearly distinguished from the vast majority of extensions which can be safely ignored.  This promotes interoperability by eliminating the need for implementers to prohibit the presence of extensions. For further information, see the [definition of modifier extensions](http://hl7.org/fhir/R4/extensibility.html#modifierExtension).","","","","","","","",,,,,"",,,,"BackboneElement.modifierExtension",0,*,"","ele-1:All FHIR elements must have a @value or children {hasValue() or (children().count() > id.count())}
ext-1:Must have either extensions or value[x], not both {extension.exists() != value.exists()}"
"pdlgc-signature.Object.QualifyingProperties.SignedProperties.UnsignedProperties.UnsignedSignatureProperties.CompleteCertificateRefs.CertRefs","pdlgc-signature.Object.QualifyingProperties.SignedProperties.UnsignedProperties.UnsignedSignatureProperties.CompleteCertificateRefs.CertRefs","","","",1,*,"","","","BackboneElement {[]} {[]}
","Référence vers un certificat.","Référence vers un certificat.","","","","","","","","","",,,,,"",,,,"pdlgc-signature.Object.QualifyingProperties.SignedProperties.UnsignedProperties.UnsignedSignatureProperties.CompleteCertificateRefs.CertRefs",1,*,"","ele-1:All FHIR elements must have a @value or children {hasValue() or (children().count() > id.count())}
"
"pdlgc-signature.Object.QualifyingProperties.SignedProperties.UnsignedProperties.UnsignedSignatureProperties.CompleteCertificateRefs.CertRefs.id","pdlgc-signature.Object.QualifyingProperties.SignedProperties.UnsignedProperties.UnsignedSignatureProperties.CompleteCertificateRefs.CertRefs.id","","","",0,1,"","","","string {[]} {[]}
","Unique id for inter-element referencing","Unique id for the element within a resource (for internal references). This may be any string value that does not contain spaces.","","","","","","","","","",,,,,"",,,,"Element.id",0,1,"",""
"pdlgc-signature.Object.QualifyingProperties.SignedProperties.UnsignedProperties.UnsignedSignatureProperties.CompleteCertificateRefs.CertRefs.extension","pdlgc-signature.Object.QualifyingProperties.SignedProperties.UnsignedProperties.UnsignedSignatureProperties.CompleteCertificateRefs.CertRefs.extension","","extensions
user content","",0,*,"","","","Extension {[]} {[]}
","Additional content defined by implementations","May be used to represent additional information that is not part of the basic definition of the element. To make the use of extensions safe and manageable, there is a strict set of governance  applied to the definition and use of extensions. Though any implementer can define an extension, there is a set of requirements that SHALL be met as part of the definition of the extension.","There can be no stigma associated with the use of extensions by any application, project, or standard - regardless of the institution or jurisdiction that uses or defines the extensions.  The use of extensions is what allows the FHIR specification to retain a core level of simplicity for everyone.","","","","","","","","",,,,,"","value:url}
","Extensions are always sliced by (at least) url",,"open","Element.extension",0,*,"","ele-1:All FHIR elements must have a @value or children {hasValue() or (children().count() > id.count())}
ext-1:Must have either extensions or value[x], not both {extension.exists() != value.exists()}"
"pdlgc-signature.Object.QualifyingProperties.SignedProperties.UnsignedProperties.UnsignedSignatureProperties.CompleteCertificateRefs.CertRefs.modifierExtension","pdlgc-signature.Object.QualifyingProperties.SignedProperties.UnsignedProperties.UnsignedSignatureProperties.CompleteCertificateRefs.CertRefs.modifierExtension","","extensions
user contentmodifiers","",0,*,"","Y","Y","Extension {[]} {[]}
","Extensions that cannot be ignored even if unrecognized","May be used to represent additional information that is not part of the basic definition of the element and that modifies the understanding of the element in which it is contained and/or the understanding of the containing element's descendants. Usually modifier elements provide negation or qualification. To make the use of extensions safe and manageable, there is a strict set of governance applied to the definition and use of extensions. Though any implementer can define an extension, there is a set of requirements that SHALL be met as part of the definition of the extension. Applications processing a resource are required to check for modifier extensions.

Modifier extensions SHALL NOT change the meaning of any elements on Resource or DomainResource (including cannot change the meaning of modifierExtension itself).","There can be no stigma associated with the use of extensions by any application, project, or standard - regardless of the institution or jurisdiction that uses or defines the extensions.  The use of extensions is what allows the FHIR specification to retain a core level of simplicity for everyone.","Modifier extensions allow for extensions that *cannot* be safely ignored to be clearly distinguished from the vast majority of extensions which can be safely ignored.  This promotes interoperability by eliminating the need for implementers to prohibit the presence of extensions. For further information, see the [definition of modifier extensions](http://hl7.org/fhir/R4/extensibility.html#modifierExtension).","","","","","","","",,,,,"",,,,"BackboneElement.modifierExtension",0,*,"","ele-1:All FHIR elements must have a @value or children {hasValue() or (children().count() > id.count())}
ext-1:Must have either extensions or value[x], not both {extension.exists() != value.exists()}"
"pdlgc-signature.Object.QualifyingProperties.SignedProperties.UnsignedProperties.UnsignedSignatureProperties.CompleteCertificateRefs.CertRefs.CertDigest","pdlgc-signature.Object.QualifyingProperties.SignedProperties.UnsignedProperties.UnsignedSignatureProperties.CompleteCertificateRefs.CertRefs.CertDigest","","","",1,1,"","","","BackboneElement {[]} {[]}
","Empreinte du certificat","Empreinte du certificat","","","","","","","","","",,,,,"",,,,"pdlgc-signature.Object.QualifyingProperties.SignedProperties.UnsignedProperties.UnsignedSignatureProperties.CompleteCertificateRefs.CertRefs.CertDigest",1,1,"","ele-1:All FHIR elements must have a @value or children {hasValue() or (children().count() > id.count())}
"
"pdlgc-signature.Object.QualifyingProperties.SignedProperties.UnsignedProperties.UnsignedSignatureProperties.CompleteCertificateRefs.CertRefs.CertDigest.id","pdlgc-signature.Object.QualifyingProperties.SignedProperties.UnsignedProperties.UnsignedSignatureProperties.CompleteCertificateRefs.CertRefs.CertDigest.id","","","",0,1,"","","","string {[]} {[]}
","Unique id for inter-element referencing","Unique id for the element within a resource (for internal references). This may be any string value that does not contain spaces.","","","","","","","","","",,,,,"",,,,"Element.id",0,1,"",""
"pdlgc-signature.Object.QualifyingProperties.SignedProperties.UnsignedProperties.UnsignedSignatureProperties.CompleteCertificateRefs.CertRefs.CertDigest.extension","pdlgc-signature.Object.QualifyingProperties.SignedProperties.UnsignedProperties.UnsignedSignatureProperties.CompleteCertificateRefs.CertRefs.CertDigest.extension","","extensions
user content","",0,*,"","","","Extension {[]} {[]}
","Additional content defined by implementations","May be used to represent additional information that is not part of the basic definition of the element. To make the use of extensions safe and manageable, there is a strict set of governance  applied to the definition and use of extensions. Though any implementer can define an extension, there is a set of requirements that SHALL be met as part of the definition of the extension.","There can be no stigma associated with the use of extensions by any application, project, or standard - regardless of the institution or jurisdiction that uses or defines the extensions.  The use of extensions is what allows the FHIR specification to retain a core level of simplicity for everyone.","","","","","","","","",,,,,"","value:url}
","Extensions are always sliced by (at least) url",,"open","Element.extension",0,*,"","ele-1:All FHIR elements must have a @value or children {hasValue() or (children().count() > id.count())}
ext-1:Must have either extensions or value[x], not both {extension.exists() != value.exists()}"
"pdlgc-signature.Object.QualifyingProperties.SignedProperties.UnsignedProperties.UnsignedSignatureProperties.CompleteCertificateRefs.CertRefs.CertDigest.modifierExtension","pdlgc-signature.Object.QualifyingProperties.SignedProperties.UnsignedProperties.UnsignedSignatureProperties.CompleteCertificateRefs.CertRefs.CertDigest.modifierExtension","","extensions
user contentmodifiers","",0,*,"","Y","Y","Extension {[]} {[]}
","Extensions that cannot be ignored even if unrecognized","May be used to represent additional information that is not part of the basic definition of the element and that modifies the understanding of the element in which it is contained and/or the understanding of the containing element's descendants. Usually modifier elements provide negation or qualification. To make the use of extensions safe and manageable, there is a strict set of governance applied to the definition and use of extensions. Though any implementer can define an extension, there is a set of requirements that SHALL be met as part of the definition of the extension. Applications processing a resource are required to check for modifier extensions.

Modifier extensions SHALL NOT change the meaning of any elements on Resource or DomainResource (including cannot change the meaning of modifierExtension itself).","There can be no stigma associated with the use of extensions by any application, project, or standard - regardless of the institution or jurisdiction that uses or defines the extensions.  The use of extensions is what allows the FHIR specification to retain a core level of simplicity for everyone.","Modifier extensions allow for extensions that *cannot* be safely ignored to be clearly distinguished from the vast majority of extensions which can be safely ignored.  This promotes interoperability by eliminating the need for implementers to prohibit the presence of extensions. For further information, see the [definition of modifier extensions](http://hl7.org/fhir/R4/extensibility.html#modifierExtension).","","","","","","","",,,,,"",,,,"BackboneElement.modifierExtension",0,*,"","ele-1:All FHIR elements must have a @value or children {hasValue() or (children().count() > id.count())}
ext-1:Must have either extensions or value[x], not both {extension.exists() != value.exists()}"
"pdlgc-signature.Object.QualifyingProperties.SignedProperties.UnsignedProperties.UnsignedSignatureProperties.CompleteCertificateRefs.CertRefs.CertDigest.DigestMethod","pdlgc-signature.Object.QualifyingProperties.SignedProperties.UnsignedProperties.UnsignedSignatureProperties.CompleteCertificateRefs.CertRefs.CertDigest.DigestMethod","","","",1,1,"","","","string {[]} {[]}
","Algorithme de hachage (SHA-256 recommandé)","Algorithme de hachage (SHA-256 recommandé)","","","","","","","","","",,,,,"",,,,"pdlgc-signature.Object.QualifyingProperties.SignedProperties.UnsignedProperties.UnsignedSignatureProperties.CompleteCertificateRefs.CertRefs.CertDigest.DigestMethod",1,1,"",""
"pdlgc-signature.Object.QualifyingProperties.SignedProperties.UnsignedProperties.UnsignedSignatureProperties.CompleteCertificateRefs.CertRefs.CertDigest.DigestValue","pdlgc-signature.Object.QualifyingProperties.SignedProperties.UnsignedProperties.UnsignedSignatureProperties.CompleteCertificateRefs.CertRefs.CertDigest.DigestValue","","","",1,1,"","","","string {[]} {[]}
","Empreinte base64 du certificat X.509","Empreinte base64 du certificat X.509","","","","","","","","","",,,,,"",,,,"pdlgc-signature.Object.QualifyingProperties.SignedProperties.UnsignedProperties.UnsignedSignatureProperties.CompleteCertificateRefs.CertRefs.CertDigest.DigestValue",1,1,"",""
"pdlgc-signature.Object.QualifyingProperties.SignedProperties.UnsignedProperties.UnsignedSignatureProperties.CompleteRevocationRefs","pdlgc-signature.Object.QualifyingProperties.SignedProperties.UnsignedProperties.UnsignedSignatureProperties.CompleteRevocationRefs","","","",0,1,"","","","BackboneElement {[]} {[]}
","Références vers les informations de révocation.","Références vers les informations de révocation.","","","","","","","","","",,,,,"",,,,"pdlgc-signature.Object.QualifyingProperties.SignedProperties.UnsignedProperties.UnsignedSignatureProperties.CompleteRevocationRefs",0,1,"","ele-1:All FHIR elements must have a @value or children {hasValue() or (children().count() > id.count())}
"
"pdlgc-signature.Object.QualifyingProperties.SignedProperties.UnsignedProperties.UnsignedSignatureProperties.CompleteRevocationRefs.id","pdlgc-signature.Object.QualifyingProperties.SignedProperties.UnsignedProperties.UnsignedSignatureProperties.CompleteRevocationRefs.id","","","",0,1,"","","","string {[]} {[]}
","Unique id for inter-element referencing","Unique id for the element within a resource (for internal references). This may be any string value that does not contain spaces.","","","","","","","","","",,,,,"",,,,"Element.id",0,1,"",""
"pdlgc-signature.Object.QualifyingProperties.SignedProperties.UnsignedProperties.UnsignedSignatureProperties.CompleteRevocationRefs.extension","pdlgc-signature.Object.QualifyingProperties.SignedProperties.UnsignedProperties.UnsignedSignatureProperties.CompleteRevocationRefs.extension","","extensions
user content","",0,*,"","","","Extension {[]} {[]}
","Additional content defined by implementations","May be used to represent additional information that is not part of the basic definition of the element. To make the use of extensions safe and manageable, there is a strict set of governance  applied to the definition and use of extensions. Though any implementer can define an extension, there is a set of requirements that SHALL be met as part of the definition of the extension.","There can be no stigma associated with the use of extensions by any application, project, or standard - regardless of the institution or jurisdiction that uses or defines the extensions.  The use of extensions is what allows the FHIR specification to retain a core level of simplicity for everyone.","","","","","","","","",,,,,"","value:url}
","Extensions are always sliced by (at least) url",,"open","Element.extension",0,*,"","ele-1:All FHIR elements must have a @value or children {hasValue() or (children().count() > id.count())}
ext-1:Must have either extensions or value[x], not both {extension.exists() != value.exists()}"
"pdlgc-signature.Object.QualifyingProperties.SignedProperties.UnsignedProperties.UnsignedSignatureProperties.CompleteRevocationRefs.modifierExtension","pdlgc-signature.Object.QualifyingProperties.SignedProperties.UnsignedProperties.UnsignedSignatureProperties.CompleteRevocationRefs.modifierExtension","","extensions
user contentmodifiers","",0,*,"","Y","Y","Extension {[]} {[]}
","Extensions that cannot be ignored even if unrecognized","May be used to represent additional information that is not part of the basic definition of the element and that modifies the understanding of the element in which it is contained and/or the understanding of the containing element's descendants. Usually modifier elements provide negation or qualification. To make the use of extensions safe and manageable, there is a strict set of governance applied to the definition and use of extensions. Though any implementer can define an extension, there is a set of requirements that SHALL be met as part of the definition of the extension. Applications processing a resource are required to check for modifier extensions.

Modifier extensions SHALL NOT change the meaning of any elements on Resource or DomainResource (including cannot change the meaning of modifierExtension itself).","There can be no stigma associated with the use of extensions by any application, project, or standard - regardless of the institution or jurisdiction that uses or defines the extensions.  The use of extensions is what allows the FHIR specification to retain a core level of simplicity for everyone.","Modifier extensions allow for extensions that *cannot* be safely ignored to be clearly distinguished from the vast majority of extensions which can be safely ignored.  This promotes interoperability by eliminating the need for implementers to prohibit the presence of extensions. For further information, see the [definition of modifier extensions](http://hl7.org/fhir/R4/extensibility.html#modifierExtension).","","","","","","","",,,,,"",,,,"BackboneElement.modifierExtension",0,*,"","ele-1:All FHIR elements must have a @value or children {hasValue() or (children().count() > id.count())}
ext-1:Must have either extensions or value[x], not both {extension.exists() != value.exists()}"
"pdlgc-signature.Object.QualifyingProperties.SignedProperties.UnsignedProperties.UnsignedSignatureProperties.CompleteRevocationRefs.OCSPRefs","pdlgc-signature.Object.QualifyingProperties.SignedProperties.UnsignedProperties.UnsignedSignatureProperties.CompleteRevocationRefs.OCSPRefs","","","",0,1,"","","","BackboneElement {[]} {[]}
","Références vers des réponses OCSP.","Références vers des réponses OCSP.","","","","","","","","","",,,,,"",,,,"pdlgc-signature.Object.QualifyingProperties.SignedProperties.UnsignedProperties.UnsignedSignatureProperties.CompleteRevocationRefs.OCSPRefs",0,1,"",""
"pdlgc-signature.Object.QualifyingProperties.SignedProperties.UnsignedProperties.UnsignedSignatureProperties.CompleteRevocationRefs.CRLRefs","pdlgc-signature.Object.QualifyingProperties.SignedProperties.UnsignedProperties.UnsignedSignatureProperties.CompleteRevocationRefs.CRLRefs","","","",0,1,"","","","BackboneElement {[]} {[]}
","Références vers des listes de révocation.","Références vers des listes de révocation.","","","","","","","","","",,,,,"",,,,"pdlgc-signature.Object.QualifyingProperties.SignedProperties.UnsignedProperties.UnsignedSignatureProperties.CompleteRevocationRefs.CRLRefs",0,1,"",""
"pdlgc-signature.Object.QualifyingProperties.SignedProperties.UnsignedProperties.UnsignedSignatureProperties.AttributeCertificateRefs","pdlgc-signature.Object.QualifyingProperties.SignedProperties.UnsignedProperties.UnsignedSignatureProperties.AttributeCertificateRefs","","","",0,1,"","","","BackboneElement {[]} {[]}
","Références vers des certificats d'attribut.","Références vers des certificats d'attribut.","","","","","","","","","",,,,,"",,,,"pdlgc-signature.Object.QualifyingProperties.SignedProperties.UnsignedProperties.UnsignedSignatureProperties.AttributeCertificateRefs",0,1,"",""
"pdlgc-signature.Object.QualifyingProperties.SignedProperties.UnsignedProperties.UnsignedSignatureProperties.AttributeRevocationRefs","pdlgc-signature.Object.QualifyingProperties.SignedProperties.UnsignedProperties.UnsignedSignatureProperties.AttributeRevocationRefs","","","",0,1,"","","","BackboneElement {[]} {[]}
","Références vers les informations de révocation des certificats d'attribut.","Références vers les informations de révocation des certificats d'attribut.","","","","","","","","","",,,,,"",,,,"pdlgc-signature.Object.QualifyingProperties.SignedProperties.UnsignedProperties.UnsignedSignatureProperties.AttributeRevocationRefs",0,1,"",""
"pdlgc-signature.Object.QualifyingProperties.SignedProperties.UnsignedProperties.UnsignedSignatureProperties.SigAndRefsTimeStamp","pdlgc-signature.Object.QualifyingProperties.SignedProperties.UnsignedProperties.UnsignedSignatureProperties.SigAndRefsTimeStamp","","","",0,*,"","","","BackboneElement {[]} {[]}
","Horodatage couvrant la signature et les références de validation.","Horodatage couvrant la signature et les références de validation.","","","","","","","","","",,,,,"",,,,"pdlgc-signature.Object.QualifyingProperties.SignedProperties.UnsignedProperties.UnsignedSignatureProperties.SigAndRefsTimeStamp",0,*,"","ele-1:All FHIR elements must have a @value or children {hasValue() or (children().count() > id.count())}
"
"pdlgc-signature.Object.QualifyingProperties.SignedProperties.UnsignedProperties.UnsignedSignatureProperties.SigAndRefsTimeStamp.id","pdlgc-signature.Object.QualifyingProperties.SignedProperties.UnsignedProperties.UnsignedSignatureProperties.SigAndRefsTimeStamp.id","","","",0,1,"","","","string {[]} {[]}
","Unique id for inter-element referencing","Unique id for the element within a resource (for internal references). This may be any string value that does not contain spaces.","","","","","","","","","",,,,,"",,,,"Element.id",0,1,"",""
"pdlgc-signature.Object.QualifyingProperties.SignedProperties.UnsignedProperties.UnsignedSignatureProperties.SigAndRefsTimeStamp.extension","pdlgc-signature.Object.QualifyingProperties.SignedProperties.UnsignedProperties.UnsignedSignatureProperties.SigAndRefsTimeStamp.extension","","extensions
user content","",0,*,"","","","Extension {[]} {[]}
","Additional content defined by implementations","May be used to represent additional information that is not part of the basic definition of the element. To make the use of extensions safe and manageable, there is a strict set of governance  applied to the definition and use of extensions. Though any implementer can define an extension, there is a set of requirements that SHALL be met as part of the definition of the extension.","There can be no stigma associated with the use of extensions by any application, project, or standard - regardless of the institution or jurisdiction that uses or defines the extensions.  The use of extensions is what allows the FHIR specification to retain a core level of simplicity for everyone.","","","","","","","","",,,,,"","value:url}
","Extensions are always sliced by (at least) url",,"open","Element.extension",0,*,"","ele-1:All FHIR elements must have a @value or children {hasValue() or (children().count() > id.count())}
ext-1:Must have either extensions or value[x], not both {extension.exists() != value.exists()}"
"pdlgc-signature.Object.QualifyingProperties.SignedProperties.UnsignedProperties.UnsignedSignatureProperties.SigAndRefsTimeStamp.modifierExtension","pdlgc-signature.Object.QualifyingProperties.SignedProperties.UnsignedProperties.UnsignedSignatureProperties.SigAndRefsTimeStamp.modifierExtension","","extensions
user contentmodifiers","",0,*,"","Y","Y","Extension {[]} {[]}
","Extensions that cannot be ignored even if unrecognized","May be used to represent additional information that is not part of the basic definition of the element and that modifies the understanding of the element in which it is contained and/or the understanding of the containing element's descendants. Usually modifier elements provide negation or qualification. To make the use of extensions safe and manageable, there is a strict set of governance applied to the definition and use of extensions. Though any implementer can define an extension, there is a set of requirements that SHALL be met as part of the definition of the extension. Applications processing a resource are required to check for modifier extensions.

Modifier extensions SHALL NOT change the meaning of any elements on Resource or DomainResource (including cannot change the meaning of modifierExtension itself).","There can be no stigma associated with the use of extensions by any application, project, or standard - regardless of the institution or jurisdiction that uses or defines the extensions.  The use of extensions is what allows the FHIR specification to retain a core level of simplicity for everyone.","Modifier extensions allow for extensions that *cannot* be safely ignored to be clearly distinguished from the vast majority of extensions which can be safely ignored.  This promotes interoperability by eliminating the need for implementers to prohibit the presence of extensions. For further information, see the [definition of modifier extensions](http://hl7.org/fhir/R4/extensibility.html#modifierExtension).","","","","","","","",,,,,"",,,,"BackboneElement.modifierExtension",0,*,"","ele-1:All FHIR elements must have a @value or children {hasValue() or (children().count() > id.count())}
ext-1:Must have either extensions or value[x], not both {extension.exists() != value.exists()}"
"pdlgc-signature.Object.QualifyingProperties.SignedProperties.UnsignedProperties.UnsignedSignatureProperties.SigAndRefsTimeStamp.EncapsulatedTimeStamp","pdlgc-signature.Object.QualifyingProperties.SignedProperties.UnsignedProperties.UnsignedSignatureProperties.SigAndRefsTimeStamp.EncapsulatedTimeStamp","","","",1,*,"","","","string {[]} {[]}
","Jeton d'horodatage encodé en base64 (format RFC 3161)","Jeton d'horodatage encodé en base64 (format RFC 3161)","","","","","","","","","",,,,,"",,,,"pdlgc-signature.Object.QualifyingProperties.SignedProperties.UnsignedProperties.UnsignedSignatureProperties.SigAndRefsTimeStamp.EncapsulatedTimeStamp",1,*,"",""
"pdlgc-signature.Object.QualifyingProperties.SignedProperties.UnsignedProperties.UnsignedSignatureProperties.RefsOnlyTimeStamp","pdlgc-signature.Object.QualifyingProperties.SignedProperties.UnsignedProperties.UnsignedSignatureProperties.RefsOnlyTimeStamp","","","",0,*,"","","","BackboneElement {[]} {[]}
","Horodatage couvrant uniquement les références de validation.","Horodatage couvrant uniquement les références de validation.","","","","","","","","","",,,,,"",,,,"pdlgc-signature.Object.QualifyingProperties.SignedProperties.UnsignedProperties.UnsignedSignatureProperties.RefsOnlyTimeStamp",0,*,"","ele-1:All FHIR elements must have a @value or children {hasValue() or (children().count() > id.count())}
"
"pdlgc-signature.Object.QualifyingProperties.SignedProperties.UnsignedProperties.UnsignedSignatureProperties.RefsOnlyTimeStamp.id","pdlgc-signature.Object.QualifyingProperties.SignedProperties.UnsignedProperties.UnsignedSignatureProperties.RefsOnlyTimeStamp.id","","","",0,1,"","","","string {[]} {[]}
","Unique id for inter-element referencing","Unique id for the element within a resource (for internal references). This may be any string value that does not contain spaces.","","","","","","","","","",,,,,"",,,,"Element.id",0,1,"",""
"pdlgc-signature.Object.QualifyingProperties.SignedProperties.UnsignedProperties.UnsignedSignatureProperties.RefsOnlyTimeStamp.extension","pdlgc-signature.Object.QualifyingProperties.SignedProperties.UnsignedProperties.UnsignedSignatureProperties.RefsOnlyTimeStamp.extension","","extensions
user content","",0,*,"","","","Extension {[]} {[]}
","Additional content defined by implementations","May be used to represent additional information that is not part of the basic definition of the element. To make the use of extensions safe and manageable, there is a strict set of governance  applied to the definition and use of extensions. Though any implementer can define an extension, there is a set of requirements that SHALL be met as part of the definition of the extension.","There can be no stigma associated with the use of extensions by any application, project, or standard - regardless of the institution or jurisdiction that uses or defines the extensions.  The use of extensions is what allows the FHIR specification to retain a core level of simplicity for everyone.","","","","","","","","",,,,,"","value:url}
","Extensions are always sliced by (at least) url",,"open","Element.extension",0,*,"","ele-1:All FHIR elements must have a @value or children {hasValue() or (children().count() > id.count())}
ext-1:Must have either extensions or value[x], not both {extension.exists() != value.exists()}"
"pdlgc-signature.Object.QualifyingProperties.SignedProperties.UnsignedProperties.UnsignedSignatureProperties.RefsOnlyTimeStamp.modifierExtension","pdlgc-signature.Object.QualifyingProperties.SignedProperties.UnsignedProperties.UnsignedSignatureProperties.RefsOnlyTimeStamp.modifierExtension","","extensions
user contentmodifiers","",0,*,"","Y","Y","Extension {[]} {[]}
","Extensions that cannot be ignored even if unrecognized","May be used to represent additional information that is not part of the basic definition of the element and that modifies the understanding of the element in which it is contained and/or the understanding of the containing element's descendants. Usually modifier elements provide negation or qualification. To make the use of extensions safe and manageable, there is a strict set of governance applied to the definition and use of extensions. Though any implementer can define an extension, there is a set of requirements that SHALL be met as part of the definition of the extension. Applications processing a resource are required to check for modifier extensions.

Modifier extensions SHALL NOT change the meaning of any elements on Resource or DomainResource (including cannot change the meaning of modifierExtension itself).","There can be no stigma associated with the use of extensions by any application, project, or standard - regardless of the institution or jurisdiction that uses or defines the extensions.  The use of extensions is what allows the FHIR specification to retain a core level of simplicity for everyone.","Modifier extensions allow for extensions that *cannot* be safely ignored to be clearly distinguished from the vast majority of extensions which can be safely ignored.  This promotes interoperability by eliminating the need for implementers to prohibit the presence of extensions. For further information, see the [definition of modifier extensions](http://hl7.org/fhir/R4/extensibility.html#modifierExtension).","","","","","","","",,,,,"",,,,"BackboneElement.modifierExtension",0,*,"","ele-1:All FHIR elements must have a @value or children {hasValue() or (children().count() > id.count())}
ext-1:Must have either extensions or value[x], not both {extension.exists() != value.exists()}"
"pdlgc-signature.Object.QualifyingProperties.SignedProperties.UnsignedProperties.UnsignedSignatureProperties.RefsOnlyTimeStamp.EncapsulatedTimeStamp","pdlgc-signature.Object.QualifyingProperties.SignedProperties.UnsignedProperties.UnsignedSignatureProperties.RefsOnlyTimeStamp.EncapsulatedTimeStamp","","","",1,*,"","","","string {[]} {[]}
","Jeton d'horodatage encodé en base64 (format RFC 3161)","Jeton d'horodatage encodé en base64 (format RFC 3161)","","","","","","","","","",,,,,"",,,,"pdlgc-signature.Object.QualifyingProperties.SignedProperties.UnsignedProperties.UnsignedSignatureProperties.RefsOnlyTimeStamp.EncapsulatedTimeStamp",1,*,"",""
"pdlgc-signature.Object.QualifyingProperties.SignedProperties.UnsignedProperties.UnsignedSignatureProperties.CertificateValues","pdlgc-signature.Object.QualifyingProperties.SignedProperties.UnsignedProperties.UnsignedSignatureProperties.CertificateValues","","","",0,1,"","","","BackboneElement {[]} {[]}
","Valeurs des certificats de la chaîne (XAdES-LT). Certificats de la chaîne de confiance embarqués dans la signature pour permettre la validation hors ligne après expiration.","Valeurs des certificats de la chaîne (XAdES-LT). Certificats de la chaîne de confiance embarqués dans la signature pour permettre la validation hors ligne après expiration.","","","","","","","","","",,,,,"",,,,"pdlgc-signature.Object.QualifyingProperties.SignedProperties.UnsignedProperties.UnsignedSignatureProperties.CertificateValues",0,1,"","ele-1:All FHIR elements must have a @value or children {hasValue() or (children().count() > id.count())}
"
"pdlgc-signature.Object.QualifyingProperties.SignedProperties.UnsignedProperties.UnsignedSignatureProperties.CertificateValues.id","pdlgc-signature.Object.QualifyingProperties.SignedProperties.UnsignedProperties.UnsignedSignatureProperties.CertificateValues.id","","","",0,1,"","","","string {[]} {[]}
","Unique id for inter-element referencing","Unique id for the element within a resource (for internal references). This may be any string value that does not contain spaces.","","","","","","","","","",,,,,"",,,,"Element.id",0,1,"",""
"pdlgc-signature.Object.QualifyingProperties.SignedProperties.UnsignedProperties.UnsignedSignatureProperties.CertificateValues.extension","pdlgc-signature.Object.QualifyingProperties.SignedProperties.UnsignedProperties.UnsignedSignatureProperties.CertificateValues.extension","","extensions
user content","",0,*,"","","","Extension {[]} {[]}
","Additional content defined by implementations","May be used to represent additional information that is not part of the basic definition of the element. To make the use of extensions safe and manageable, there is a strict set of governance  applied to the definition and use of extensions. Though any implementer can define an extension, there is a set of requirements that SHALL be met as part of the definition of the extension.","There can be no stigma associated with the use of extensions by any application, project, or standard - regardless of the institution or jurisdiction that uses or defines the extensions.  The use of extensions is what allows the FHIR specification to retain a core level of simplicity for everyone.","","","","","","","","",,,,,"","value:url}
","Extensions are always sliced by (at least) url",,"open","Element.extension",0,*,"","ele-1:All FHIR elements must have a @value or children {hasValue() or (children().count() > id.count())}
ext-1:Must have either extensions or value[x], not both {extension.exists() != value.exists()}"
"pdlgc-signature.Object.QualifyingProperties.SignedProperties.UnsignedProperties.UnsignedSignatureProperties.CertificateValues.modifierExtension","pdlgc-signature.Object.QualifyingProperties.SignedProperties.UnsignedProperties.UnsignedSignatureProperties.CertificateValues.modifierExtension","","extensions
user contentmodifiers","",0,*,"","Y","Y","Extension {[]} {[]}
","Extensions that cannot be ignored even if unrecognized","May be used to represent additional information that is not part of the basic definition of the element and that modifies the understanding of the element in which it is contained and/or the understanding of the containing element's descendants. Usually modifier elements provide negation or qualification. To make the use of extensions safe and manageable, there is a strict set of governance applied to the definition and use of extensions. Though any implementer can define an extension, there is a set of requirements that SHALL be met as part of the definition of the extension. Applications processing a resource are required to check for modifier extensions.

Modifier extensions SHALL NOT change the meaning of any elements on Resource or DomainResource (including cannot change the meaning of modifierExtension itself).","There can be no stigma associated with the use of extensions by any application, project, or standard - regardless of the institution or jurisdiction that uses or defines the extensions.  The use of extensions is what allows the FHIR specification to retain a core level of simplicity for everyone.","Modifier extensions allow for extensions that *cannot* be safely ignored to be clearly distinguished from the vast majority of extensions which can be safely ignored.  This promotes interoperability by eliminating the need for implementers to prohibit the presence of extensions. For further information, see the [definition of modifier extensions](http://hl7.org/fhir/R4/extensibility.html#modifierExtension).","","","","","","","",,,,,"",,,,"BackboneElement.modifierExtension",0,*,"","ele-1:All FHIR elements must have a @value or children {hasValue() or (children().count() > id.count())}
ext-1:Must have either extensions or value[x], not both {extension.exists() != value.exists()}"
"pdlgc-signature.Object.QualifyingProperties.SignedProperties.UnsignedProperties.UnsignedSignatureProperties.CertificateValues.EncapsulatedX509Certificate","pdlgc-signature.Object.QualifyingProperties.SignedProperties.UnsignedProperties.UnsignedSignatureProperties.CertificateValues.EncapsulatedX509Certificate","","","",1,*,"","","","string {[]} {[]}
","Certificat X.509 de la chaîne (base64 DER)","Certificat X.509 de la chaîne (base64 DER)","","","","","","","","","",,,,,"",,,,"pdlgc-signature.Object.QualifyingProperties.SignedProperties.UnsignedProperties.UnsignedSignatureProperties.CertificateValues.EncapsulatedX509Certificate",1,*,"",""
"pdlgc-signature.Object.QualifyingProperties.SignedProperties.UnsignedProperties.UnsignedSignatureProperties.RevocationValues","pdlgc-signature.Object.QualifyingProperties.SignedProperties.UnsignedProperties.UnsignedSignatureProperties.RevocationValues","","","",0,1,"","","","BackboneElement {[]} {[]}
","Données de révocation (XAdES-LT). Réponses OCSP ou listes CRL embarquées dans la signature.","Données de révocation (XAdES-LT). Réponses OCSP ou listes CRL embarquées dans la signature.","","","","","","","","","",,,,,"",,,,"pdlgc-signature.Object.QualifyingProperties.SignedProperties.UnsignedProperties.UnsignedSignatureProperties.RevocationValues",0,1,"","ele-1:All FHIR elements must have a @value or children {hasValue() or (children().count() > id.count())}
"
"pdlgc-signature.Object.QualifyingProperties.SignedProperties.UnsignedProperties.UnsignedSignatureProperties.RevocationValues.id","pdlgc-signature.Object.QualifyingProperties.SignedProperties.UnsignedProperties.UnsignedSignatureProperties.RevocationValues.id","","","",0,1,"","","","string {[]} {[]}
","Unique id for inter-element referencing","Unique id for the element within a resource (for internal references). This may be any string value that does not contain spaces.","","","","","","","","","",,,,,"",,,,"Element.id",0,1,"",""
"pdlgc-signature.Object.QualifyingProperties.SignedProperties.UnsignedProperties.UnsignedSignatureProperties.RevocationValues.extension","pdlgc-signature.Object.QualifyingProperties.SignedProperties.UnsignedProperties.UnsignedSignatureProperties.RevocationValues.extension","","extensions
user content","",0,*,"","","","Extension {[]} {[]}
","Additional content defined by implementations","May be used to represent additional information that is not part of the basic definition of the element. To make the use of extensions safe and manageable, there is a strict set of governance  applied to the definition and use of extensions. Though any implementer can define an extension, there is a set of requirements that SHALL be met as part of the definition of the extension.","There can be no stigma associated with the use of extensions by any application, project, or standard - regardless of the institution or jurisdiction that uses or defines the extensions.  The use of extensions is what allows the FHIR specification to retain a core level of simplicity for everyone.","","","","","","","","",,,,,"","value:url}
","Extensions are always sliced by (at least) url",,"open","Element.extension",0,*,"","ele-1:All FHIR elements must have a @value or children {hasValue() or (children().count() > id.count())}
ext-1:Must have either extensions or value[x], not both {extension.exists() != value.exists()}"
"pdlgc-signature.Object.QualifyingProperties.SignedProperties.UnsignedProperties.UnsignedSignatureProperties.RevocationValues.modifierExtension","pdlgc-signature.Object.QualifyingProperties.SignedProperties.UnsignedProperties.UnsignedSignatureProperties.RevocationValues.modifierExtension","","extensions
user contentmodifiers","",0,*,"","Y","Y","Extension {[]} {[]}
","Extensions that cannot be ignored even if unrecognized","May be used to represent additional information that is not part of the basic definition of the element and that modifies the understanding of the element in which it is contained and/or the understanding of the containing element's descendants. Usually modifier elements provide negation or qualification. To make the use of extensions safe and manageable, there is a strict set of governance applied to the definition and use of extensions. Though any implementer can define an extension, there is a set of requirements that SHALL be met as part of the definition of the extension. Applications processing a resource are required to check for modifier extensions.

Modifier extensions SHALL NOT change the meaning of any elements on Resource or DomainResource (including cannot change the meaning of modifierExtension itself).","There can be no stigma associated with the use of extensions by any application, project, or standard - regardless of the institution or jurisdiction that uses or defines the extensions.  The use of extensions is what allows the FHIR specification to retain a core level of simplicity for everyone.","Modifier extensions allow for extensions that *cannot* be safely ignored to be clearly distinguished from the vast majority of extensions which can be safely ignored.  This promotes interoperability by eliminating the need for implementers to prohibit the presence of extensions. For further information, see the [definition of modifier extensions](http://hl7.org/fhir/R4/extensibility.html#modifierExtension).","","","","","","","",,,,,"",,,,"BackboneElement.modifierExtension",0,*,"","ele-1:All FHIR elements must have a @value or children {hasValue() or (children().count() > id.count())}
ext-1:Must have either extensions or value[x], not both {extension.exists() != value.exists()}"
"pdlgc-signature.Object.QualifyingProperties.SignedProperties.UnsignedProperties.UnsignedSignatureProperties.RevocationValues.OcspValues","pdlgc-signature.Object.QualifyingProperties.SignedProperties.UnsignedProperties.UnsignedSignatureProperties.RevocationValues.OcspValues","","","",0,*,"","","","string {[]} {[]}
","Réponses OCSP encodées en base64","Réponses OCSP encodées en base64","","","","","","","","","",,,,,"",,,,"pdlgc-signature.Object.QualifyingProperties.SignedProperties.UnsignedProperties.UnsignedSignatureProperties.RevocationValues.OcspValues",0,*,"",""
"pdlgc-signature.Object.QualifyingProperties.SignedProperties.UnsignedProperties.UnsignedSignatureProperties.RevocationValues.CrlValues","pdlgc-signature.Object.QualifyingProperties.SignedProperties.UnsignedProperties.UnsignedSignatureProperties.RevocationValues.CrlValues","","","",0,*,"","","","string {[]} {[]}
","Listes CRL encodées en base64","Listes CRL encodées en base64","","","","","","","","","",,,,,"",,,,"pdlgc-signature.Object.QualifyingProperties.SignedProperties.UnsignedProperties.UnsignedSignatureProperties.RevocationValues.CrlValues",0,*,"",""
"pdlgc-signature.Object.QualifyingProperties.SignedProperties.UnsignedProperties.UnsignedSignatureProperties.ArchiveTimeStamp","pdlgc-signature.Object.QualifyingProperties.SignedProperties.UnsignedProperties.UnsignedSignatureProperties.ArchiveTimeStamp","","","",0,*,"","","","BackboneElement {[]} {[]}
","Horodatage garantissant la validité de la signature sur le long terme.","Horodatage garantissant la validité de la signature sur le long terme.","","","","","","","","","",,,,,"",,,,"pdlgc-signature.Object.QualifyingProperties.SignedProperties.UnsignedProperties.UnsignedSignatureProperties.ArchiveTimeStamp",0,*,"","ele-1:All FHIR elements must have a @value or children {hasValue() or (children().count() > id.count())}
"
"pdlgc-signature.Object.QualifyingProperties.SignedProperties.UnsignedProperties.UnsignedSignatureProperties.ArchiveTimeStamp.id","pdlgc-signature.Object.QualifyingProperties.SignedProperties.UnsignedProperties.UnsignedSignatureProperties.ArchiveTimeStamp.id","","","",0,1,"","","","string {[]} {[]}
","Unique id for inter-element referencing","Unique id for the element within a resource (for internal references). This may be any string value that does not contain spaces.","","","","","","","","","",,,,,"",,,,"Element.id",0,1,"",""
"pdlgc-signature.Object.QualifyingProperties.SignedProperties.UnsignedProperties.UnsignedSignatureProperties.ArchiveTimeStamp.extension","pdlgc-signature.Object.QualifyingProperties.SignedProperties.UnsignedProperties.UnsignedSignatureProperties.ArchiveTimeStamp.extension","","extensions
user content","",0,*,"","","","Extension {[]} {[]}
","Additional content defined by implementations","May be used to represent additional information that is not part of the basic definition of the element. To make the use of extensions safe and manageable, there is a strict set of governance  applied to the definition and use of extensions. Though any implementer can define an extension, there is a set of requirements that SHALL be met as part of the definition of the extension.","There can be no stigma associated with the use of extensions by any application, project, or standard - regardless of the institution or jurisdiction that uses or defines the extensions.  The use of extensions is what allows the FHIR specification to retain a core level of simplicity for everyone.","","","","","","","","",,,,,"","value:url}
","Extensions are always sliced by (at least) url",,"open","Element.extension",0,*,"","ele-1:All FHIR elements must have a @value or children {hasValue() or (children().count() > id.count())}
ext-1:Must have either extensions or value[x], not both {extension.exists() != value.exists()}"
"pdlgc-signature.Object.QualifyingProperties.SignedProperties.UnsignedProperties.UnsignedSignatureProperties.ArchiveTimeStamp.modifierExtension","pdlgc-signature.Object.QualifyingProperties.SignedProperties.UnsignedProperties.UnsignedSignatureProperties.ArchiveTimeStamp.modifierExtension","","extensions
user contentmodifiers","",0,*,"","Y","Y","Extension {[]} {[]}
","Extensions that cannot be ignored even if unrecognized","May be used to represent additional information that is not part of the basic definition of the element and that modifies the understanding of the element in which it is contained and/or the understanding of the containing element's descendants. Usually modifier elements provide negation or qualification. To make the use of extensions safe and manageable, there is a strict set of governance applied to the definition and use of extensions. Though any implementer can define an extension, there is a set of requirements that SHALL be met as part of the definition of the extension. Applications processing a resource are required to check for modifier extensions.

Modifier extensions SHALL NOT change the meaning of any elements on Resource or DomainResource (including cannot change the meaning of modifierExtension itself).","There can be no stigma associated with the use of extensions by any application, project, or standard - regardless of the institution or jurisdiction that uses or defines the extensions.  The use of extensions is what allows the FHIR specification to retain a core level of simplicity for everyone.","Modifier extensions allow for extensions that *cannot* be safely ignored to be clearly distinguished from the vast majority of extensions which can be safely ignored.  This promotes interoperability by eliminating the need for implementers to prohibit the presence of extensions. For further information, see the [definition of modifier extensions](http://hl7.org/fhir/R4/extensibility.html#modifierExtension).","","","","","","","",,,,,"",,,,"BackboneElement.modifierExtension",0,*,"","ele-1:All FHIR elements must have a @value or children {hasValue() or (children().count() > id.count())}
ext-1:Must have either extensions or value[x], not both {extension.exists() != value.exists()}"
"pdlgc-signature.Object.QualifyingProperties.SignedProperties.UnsignedProperties.UnsignedSignatureProperties.ArchiveTimeStamp.EncapsulatedTimeStamp","pdlgc-signature.Object.QualifyingProperties.SignedProperties.UnsignedProperties.UnsignedSignatureProperties.ArchiveTimeStamp.EncapsulatedTimeStamp","","","",1,*,"","","","base64Binary {[]} {[]}
","Jeton d'horodatage.","Jeton d'horodatage.","","","","","","","","","",,,,,"",,,,"pdlgc-signature.Object.QualifyingProperties.SignedProperties.UnsignedProperties.UnsignedSignatureProperties.ArchiveTimeStamp.EncapsulatedTimeStamp",1,*,"",""
"pdlgc-signature.Object.QualifyingProperties.SignedProperties.UnsignedProperties.UnsignedDataObjectProperties","pdlgc-signature.Object.QualifyingProperties.SignedProperties.UnsignedProperties.UnsignedDataObjectProperties","","","",0,1,"","","","BackboneElement {[]} {[]}
","Propriétés non signées relatives aux objets couverts par la signature.","Propriétés non signées relatives aux objets couverts par la signature.","","","","","","","","","",,,,,"",,,,"pdlgc-signature.Object.QualifyingProperties.SignedProperties.UnsignedProperties.UnsignedDataObjectProperties",0,1,"","ele-1:All FHIR elements must have a @value or children {hasValue() or (children().count() > id.count())}
"
"pdlgc-signature.Object.QualifyingProperties.SignedProperties.UnsignedProperties.UnsignedDataObjectProperties.id","pdlgc-signature.Object.QualifyingProperties.SignedProperties.UnsignedProperties.UnsignedDataObjectProperties.id","","","",0,1,"","","","string {[]} {[]}
","Unique id for inter-element referencing","Unique id for the element within a resource (for internal references). This may be any string value that does not contain spaces.","","","","","","","","","",,,,,"",,,,"Element.id",0,1,"",""
"pdlgc-signature.Object.QualifyingProperties.SignedProperties.UnsignedProperties.UnsignedDataObjectProperties.extension","pdlgc-signature.Object.QualifyingProperties.SignedProperties.UnsignedProperties.UnsignedDataObjectProperties.extension","","extensions
user content","",0,*,"","","","Extension {[]} {[]}
","Additional content defined by implementations","May be used to represent additional information that is not part of the basic definition of the element. To make the use of extensions safe and manageable, there is a strict set of governance  applied to the definition and use of extensions. Though any implementer can define an extension, there is a set of requirements that SHALL be met as part of the definition of the extension.","There can be no stigma associated with the use of extensions by any application, project, or standard - regardless of the institution or jurisdiction that uses or defines the extensions.  The use of extensions is what allows the FHIR specification to retain a core level of simplicity for everyone.","","","","","","","","",,,,,"","value:url}
","Extensions are always sliced by (at least) url",,"open","Element.extension",0,*,"","ele-1:All FHIR elements must have a @value or children {hasValue() or (children().count() > id.count())}
ext-1:Must have either extensions or value[x], not both {extension.exists() != value.exists()}"
"pdlgc-signature.Object.QualifyingProperties.SignedProperties.UnsignedProperties.UnsignedDataObjectProperties.modifierExtension","pdlgc-signature.Object.QualifyingProperties.SignedProperties.UnsignedProperties.UnsignedDataObjectProperties.modifierExtension","","extensions
user contentmodifiers","",0,*,"","Y","Y","Extension {[]} {[]}
","Extensions that cannot be ignored even if unrecognized","May be used to represent additional information that is not part of the basic definition of the element and that modifies the understanding of the element in which it is contained and/or the understanding of the containing element's descendants. Usually modifier elements provide negation or qualification. To make the use of extensions safe and manageable, there is a strict set of governance applied to the definition and use of extensions. Though any implementer can define an extension, there is a set of requirements that SHALL be met as part of the definition of the extension. Applications processing a resource are required to check for modifier extensions.

Modifier extensions SHALL NOT change the meaning of any elements on Resource or DomainResource (including cannot change the meaning of modifierExtension itself).","There can be no stigma associated with the use of extensions by any application, project, or standard - regardless of the institution or jurisdiction that uses or defines the extensions.  The use of extensions is what allows the FHIR specification to retain a core level of simplicity for everyone.","Modifier extensions allow for extensions that *cannot* be safely ignored to be clearly distinguished from the vast majority of extensions which can be safely ignored.  This promotes interoperability by eliminating the need for implementers to prohibit the presence of extensions. For further information, see the [definition of modifier extensions](http://hl7.org/fhir/R4/extensibility.html#modifierExtension).","","","","","","","",,,,,"",,,,"BackboneElement.modifierExtension",0,*,"","ele-1:All FHIR elements must have a @value or children {hasValue() or (children().count() > id.count())}
ext-1:Must have either extensions or value[x], not both {extension.exists() != value.exists()}"
"pdlgc-signature.Object.QualifyingProperties.SignedProperties.UnsignedProperties.UnsignedDataObjectProperties.Extension","pdlgc-signature.Object.QualifyingProperties.SignedProperties.UnsignedProperties.UnsignedDataObjectProperties.Extension","","","",0,*,"","","","BackboneElement {[]} {[]}
","Extension spécifique au profil d'implémentation.","Extension spécifique au profil d'implémentation.","","","","","","","","","",,,,,"",,,,"pdlgc-signature.Object.QualifyingProperties.SignedProperties.UnsignedProperties.UnsignedDataObjectProperties.Extension",0,*,"",""
